-- MySQL dump 10.13  Distrib 5.5.49, for debian-linux-gnu (x86_64)
--
-- Host: 0.0.0.0    Database: album_db
-- ------------------------------------------------------
-- Server version	5.5.49-0ubuntu0.14.04.1

/*!40101 SET @OLD_CHARACTER_SET_CLIENT=@@CHARACTER_SET_CLIENT */;
/*!40101 SET @OLD_CHARACTER_SET_RESULTS=@@CHARACTER_SET_RESULTS */;
/*!40101 SET @OLD_COLLATION_CONNECTION=@@COLLATION_CONNECTION */;
/*!40101 SET NAMES utf8 */;
/*!40103 SET @OLD_TIME_ZONE=@@TIME_ZONE */;
/*!40103 SET TIME_ZONE='+00:00' */;
/*!40014 SET @OLD_UNIQUE_CHECKS=@@UNIQUE_CHECKS, UNIQUE_CHECKS=0 */;
/*!40014 SET @OLD_FOREIGN_KEY_CHECKS=@@FOREIGN_KEY_CHECKS, FOREIGN_KEY_CHECKS=0 */;
/*!40101 SET @OLD_SQL_MODE=@@SQL_MODE, SQL_MODE='NO_AUTO_VALUE_ON_ZERO' */;
/*!40111 SET @OLD_SQL_NOTES=@@SQL_NOTES, SQL_NOTES=0 */;

--
-- Current Database: `album_db`
--

USE `album_db`;

--
-- Dumping data for table `album_artists`
--

LOCK TABLES `album_artists` WRITE;
/*!40000 ALTER TABLE `album_artists` DISABLE KEYS */;
INSERT INTO `album_artists` (`artist_id`, `album_id`) VALUES (1,1);
INSERT INTO `album_artists` (`artist_id`, `album_id`) VALUES (2,2);
INSERT INTO `album_artists` (`artist_id`, `album_id`) VALUES (3,3);
INSERT INTO `album_artists` (`artist_id`, `album_id`) VALUES (3,26);
INSERT INTO `album_artists` (`artist_id`, `album_id`) VALUES (4,4);
INSERT INTO `album_artists` (`artist_id`, `album_id`) VALUES (5,5);
INSERT INTO `album_artists` (`artist_id`, `album_id`) VALUES (5,9);
INSERT INTO `album_artists` (`artist_id`, `album_id`) VALUES (5,18);
INSERT INTO `album_artists` (`artist_id`, `album_id`) VALUES (5,81);
INSERT INTO `album_artists` (`artist_id`, `album_id`) VALUES (5,83);
INSERT INTO `album_artists` (`artist_id`, `album_id`) VALUES (5,84);
INSERT INTO `album_artists` (`artist_id`, `album_id`) VALUES (5,104);
INSERT INTO `album_artists` (`artist_id`, `album_id`) VALUES (6,6);
INSERT INTO `album_artists` (`artist_id`, `album_id`) VALUES (6,63);
INSERT INTO `album_artists` (`artist_id`, `album_id`) VALUES (7,7);
INSERT INTO `album_artists` (`artist_id`, `album_id`) VALUES (8,8);
INSERT INTO `album_artists` (`artist_id`, `album_id`) VALUES (9,10);
INSERT INTO `album_artists` (`artist_id`, `album_id`) VALUES (9,66);
INSERT INTO `album_artists` (`artist_id`, `album_id`) VALUES (10,11);
INSERT INTO `album_artists` (`artist_id`, `album_id`) VALUES (11,12);
INSERT INTO `album_artists` (`artist_id`, `album_id`) VALUES (11,47);
INSERT INTO `album_artists` (`artist_id`, `album_id`) VALUES (12,13);
INSERT INTO `album_artists` (`artist_id`, `album_id`) VALUES (12,94);
INSERT INTO `album_artists` (`artist_id`, `album_id`) VALUES (13,14);
INSERT INTO `album_artists` (`artist_id`, `album_id`) VALUES (13,57);
INSERT INTO `album_artists` (`artist_id`, `album_id`) VALUES (13,58);
INSERT INTO `album_artists` (`artist_id`, `album_id`) VALUES (14,15);
INSERT INTO `album_artists` (`artist_id`, `album_id`) VALUES (14,19);
INSERT INTO `album_artists` (`artist_id`, `album_id`) VALUES (15,7);
INSERT INTO `album_artists` (`artist_id`, `album_id`) VALUES (16,16);
INSERT INTO `album_artists` (`artist_id`, `album_id`) VALUES (16,29);
INSERT INTO `album_artists` (`artist_id`, `album_id`) VALUES (16,41);
INSERT INTO `album_artists` (`artist_id`, `album_id`) VALUES (16,60);
INSERT INTO `album_artists` (`artist_id`, `album_id`) VALUES (17,17);
INSERT INTO `album_artists` (`artist_id`, `album_id`) VALUES (18,20);
INSERT INTO `album_artists` (`artist_id`, `album_id`) VALUES (18,22);
INSERT INTO `album_artists` (`artist_id`, `album_id`) VALUES (18,77);
INSERT INTO `album_artists` (`artist_id`, `album_id`) VALUES (18,78);
INSERT INTO `album_artists` (`artist_id`, `album_id`) VALUES (19,21);
INSERT INTO `album_artists` (`artist_id`, `album_id`) VALUES (20,23);
INSERT INTO `album_artists` (`artist_id`, `album_id`) VALUES (21,24);
INSERT INTO `album_artists` (`artist_id`, `album_id`) VALUES (22,25);
INSERT INTO `album_artists` (`artist_id`, `album_id`) VALUES (23,27);
INSERT INTO `album_artists` (`artist_id`, `album_id`) VALUES (24,7);
INSERT INTO `album_artists` (`artist_id`, `album_id`) VALUES (24,28);
INSERT INTO `album_artists` (`artist_id`, `album_id`) VALUES (25,29);
INSERT INTO `album_artists` (`artist_id`, `album_id`) VALUES (26,30);
INSERT INTO `album_artists` (`artist_id`, `album_id`) VALUES (27,29);
INSERT INTO `album_artists` (`artist_id`, `album_id`) VALUES (28,24);
INSERT INTO `album_artists` (`artist_id`, `album_id`) VALUES (28,31);
INSERT INTO `album_artists` (`artist_id`, `album_id`) VALUES (28,32);
INSERT INTO `album_artists` (`artist_id`, `album_id`) VALUES (28,99);
INSERT INTO `album_artists` (`artist_id`, `album_id`) VALUES (29,33);
INSERT INTO `album_artists` (`artist_id`, `album_id`) VALUES (29,34);
INSERT INTO `album_artists` (`artist_id`, `album_id`) VALUES (29,36);
INSERT INTO `album_artists` (`artist_id`, `album_id`) VALUES (30,35);
INSERT INTO `album_artists` (`artist_id`, `album_id`) VALUES (31,37);
INSERT INTO `album_artists` (`artist_id`, `album_id`) VALUES (32,29);
INSERT INTO `album_artists` (`artist_id`, `album_id`) VALUES (32,38);
INSERT INTO `album_artists` (`artist_id`, `album_id`) VALUES (33,29);
INSERT INTO `album_artists` (`artist_id`, `album_id`) VALUES (34,39);
INSERT INTO `album_artists` (`artist_id`, `album_id`) VALUES (35,40);
INSERT INTO `album_artists` (`artist_id`, `album_id`) VALUES (36,42);
INSERT INTO `album_artists` (`artist_id`, `album_id`) VALUES (36,43);
INSERT INTO `album_artists` (`artist_id`, `album_id`) VALUES (37,44);
INSERT INTO `album_artists` (`artist_id`, `album_id`) VALUES (38,32);
INSERT INTO `album_artists` (`artist_id`, `album_id`) VALUES (39,45);
INSERT INTO `album_artists` (`artist_id`, `album_id`) VALUES (40,46);
INSERT INTO `album_artists` (`artist_id`, `album_id`) VALUES (41,29);
INSERT INTO `album_artists` (`artist_id`, `album_id`) VALUES (42,48);
INSERT INTO `album_artists` (`artist_id`, `album_id`) VALUES (43,49);
INSERT INTO `album_artists` (`artist_id`, `album_id`) VALUES (44,50);
INSERT INTO `album_artists` (`artist_id`, `album_id`) VALUES (45,7);
INSERT INTO `album_artists` (`artist_id`, `album_id`) VALUES (46,51);
INSERT INTO `album_artists` (`artist_id`, `album_id`) VALUES (46,52);
INSERT INTO `album_artists` (`artist_id`, `album_id`) VALUES (47,53);
INSERT INTO `album_artists` (`artist_id`, `album_id`) VALUES (48,29);
INSERT INTO `album_artists` (`artist_id`, `album_id`) VALUES (49,29);
INSERT INTO `album_artists` (`artist_id`, `album_id`) VALUES (49,54);
INSERT INTO `album_artists` (`artist_id`, `album_id`) VALUES (49,55);
INSERT INTO `album_artists` (`artist_id`, `album_id`) VALUES (50,56);
INSERT INTO `album_artists` (`artist_id`, `album_id`) VALUES (51,59);
INSERT INTO `album_artists` (`artist_id`, `album_id`) VALUES (52,61);
INSERT INTO `album_artists` (`artist_id`, `album_id`) VALUES (53,62);
INSERT INTO `album_artists` (`artist_id`, `album_id`) VALUES (54,7);
INSERT INTO `album_artists` (`artist_id`, `album_id`) VALUES (55,7);
INSERT INTO `album_artists` (`artist_id`, `album_id`) VALUES (56,64);
INSERT INTO `album_artists` (`artist_id`, `album_id`) VALUES (56,65);
INSERT INTO `album_artists` (`artist_id`, `album_id`) VALUES (57,67);
INSERT INTO `album_artists` (`artist_id`, `album_id`) VALUES (57,68);
INSERT INTO `album_artists` (`artist_id`, `album_id`) VALUES (57,69);
INSERT INTO `album_artists` (`artist_id`, `album_id`) VALUES (58,29);
INSERT INTO `album_artists` (`artist_id`, `album_id`) VALUES (59,70);
INSERT INTO `album_artists` (`artist_id`, `album_id`) VALUES (60,71);
INSERT INTO `album_artists` (`artist_id`, `album_id`) VALUES (61,72);
INSERT INTO `album_artists` (`artist_id`, `album_id`) VALUES (62,73);
INSERT INTO `album_artists` (`artist_id`, `album_id`) VALUES (63,74);
INSERT INTO `album_artists` (`artist_id`, `album_id`) VALUES (64,75);
INSERT INTO `album_artists` (`artist_id`, `album_id`) VALUES (65,29);
INSERT INTO `album_artists` (`artist_id`, `album_id`) VALUES (66,76);
INSERT INTO `album_artists` (`artist_id`, `album_id`) VALUES (67,79);
INSERT INTO `album_artists` (`artist_id`, `album_id`) VALUES (68,80);
INSERT INTO `album_artists` (`artist_id`, `album_id`) VALUES (69,82);
INSERT INTO `album_artists` (`artist_id`, `album_id`) VALUES (70,85);
INSERT INTO `album_artists` (`artist_id`, `album_id`) VALUES (71,7);
INSERT INTO `album_artists` (`artist_id`, `album_id`) VALUES (72,86);
INSERT INTO `album_artists` (`artist_id`, `album_id`) VALUES (73,87);
INSERT INTO `album_artists` (`artist_id`, `album_id`) VALUES (74,88);
INSERT INTO `album_artists` (`artist_id`, `album_id`) VALUES (75,89);
INSERT INTO `album_artists` (`artist_id`, `album_id`) VALUES (75,90);
INSERT INTO `album_artists` (`artist_id`, `album_id`) VALUES (75,91);
INSERT INTO `album_artists` (`artist_id`, `album_id`) VALUES (76,92);
INSERT INTO `album_artists` (`artist_id`, `album_id`) VALUES (77,93);
INSERT INTO `album_artists` (`artist_id`, `album_id`) VALUES (78,95);
INSERT INTO `album_artists` (`artist_id`, `album_id`) VALUES (79,96);
INSERT INTO `album_artists` (`artist_id`, `album_id`) VALUES (80,97);
INSERT INTO `album_artists` (`artist_id`, `album_id`) VALUES (81,98);
INSERT INTO `album_artists` (`artist_id`, `album_id`) VALUES (82,98);
INSERT INTO `album_artists` (`artist_id`, `album_id`) VALUES (82,100);
INSERT INTO `album_artists` (`artist_id`, `album_id`) VALUES (83,99);
INSERT INTO `album_artists` (`artist_id`, `album_id`) VALUES (84,24);
INSERT INTO `album_artists` (`artist_id`, `album_id`) VALUES (85,24);
INSERT INTO `album_artists` (`artist_id`, `album_id`) VALUES (86,100);
INSERT INTO `album_artists` (`artist_id`, `album_id`) VALUES (87,101);
INSERT INTO `album_artists` (`artist_id`, `album_id`) VALUES (88,102);
INSERT INTO `album_artists` (`artist_id`, `album_id`) VALUES (89,103);
INSERT INTO `album_artists` (`artist_id`, `album_id`) VALUES (90,105);
INSERT INTO `album_artists` (`artist_id`, `album_id`) VALUES (91,106);
INSERT INTO `album_artists` (`artist_id`, `album_id`) VALUES (92,29);
INSERT INTO `album_artists` (`artist_id`, `album_id`) VALUES (93,107);
INSERT INTO `album_artists` (`artist_id`, `album_id`) VALUES (93,108);
INSERT INTO `album_artists` (`artist_id`, `album_id`) VALUES (93,109);
INSERT INTO `album_artists` (`artist_id`, `album_id`) VALUES (93,110);
INSERT INTO `album_artists` (`artist_id`, `album_id`) VALUES (94,111);
INSERT INTO `album_artists` (`artist_id`, `album_id`) VALUES (95,29);
INSERT INTO `album_artists` (`artist_id`, `album_id`) VALUES (96,112);
INSERT INTO `album_artists` (`artist_id`, `album_id`) VALUES (97,113);
/*!40000 ALTER TABLE `album_artists` ENABLE KEYS */;
UNLOCK TABLES;

--
-- Dumping data for table `albums`
--

LOCK TABLES `albums` WRITE;
/*!40000 ALTER TABLE `albums` DISABLE KEYS */;
INSERT INTO `albums` (`album_id`, `album`, `type`, `total_tracks`, `year`) VALUES (1,'Money for Nothing','standard',NULL,'1988');
INSERT INTO `albums` (`album_id`, `album`, `type`, `total_tracks`, `year`) VALUES (2,'Who Let the Dogs Out','standard',NULL,'2000');
INSERT INTO `albums` (`album_id`, `album`, `type`, `total_tracks`, `year`) VALUES (3,'Luxury Liner','standard',NULL,'1977');
INSERT INTO `albums` (`album_id`, `album`, `type`, `total_tracks`, `year`) VALUES (4,'Starting Over','standard',10,'1995');
INSERT INTO `albums` (`album_id`, `album`, `type`, `total_tracks`, `year`) VALUES (5,'The Revolution Starts Now','standard',NULL,'2004');
INSERT INTO `albums` (`album_id`, `album`, `type`, `total_tracks`, `year`) VALUES (6,'Biloxi','standard',NULL,'1998');
INSERT INTO `albums` (`album_id`, `album`, `type`, `total_tracks`, `year`) VALUES (7,'Greatest Hits','compilation',NULL,'1988');
INSERT INTO `albums` (`album_id`, `album`, `type`, `total_tracks`, `year`) VALUES (8,'Down the Road I Go','standard',NULL,'2000');
INSERT INTO `albums` (`album_id`, `album`, `type`, `total_tracks`, `year`) VALUES (9,'Train a Comin\'','standard',NULL,'1995');
INSERT INTO `albums` (`album_id`, `album`, `type`, `total_tracks`, `year`) VALUES (10,'Leftoverture','standard',NULL,'1976');
INSERT INTO `albums` (`album_id`, `album`, `type`, `total_tracks`, `year`) VALUES (11,'Best of C.W. McCall','standard',NULL,'1998');
INSERT INTO `albums` (`album_id`, `album`, `type`, `total_tracks`, `year`) VALUES (12,'For the Record: The First 10 Years','standard',NULL,'1985');
INSERT INTO `albums` (`album_id`, `album`, `type`, `total_tracks`, `year`) VALUES (13,'The Christmas Attic','standard',17,'2006');
INSERT INTO `albums` (`album_id`, `album`, `type`, `total_tracks`, `year`) VALUES (14,'The Complete Hank Williams Jr','standard',NULL,'1999');
INSERT INTO `albums` (`album_id`, `album`, `type`, `total_tracks`, `year`) VALUES (15,'The Very Best of the Grateful Dead','standard',NULL,'2003');
INSERT INTO `albums` (`album_id`, `album`, `type`, `total_tracks`, `year`) VALUES (16,'Silver Anniversary','standard',NULL,NULL);
INSERT INTO `albums` (`album_id`, `album`, `type`, `total_tracks`, `year`) VALUES (17,'Honky Tonk Attitude','standard',NULL,'1993');
INSERT INTO `albums` (`album_id`, `album`, `type`, `total_tracks`, `year`) VALUES (18,'Townes','standard',15,'2009');
INSERT INTO `albums` (`album_id`, `album`, `type`, `total_tracks`, `year`) VALUES (19,'Reckoning','standard',NULL,'1981');
INSERT INTO `albums` (`album_id`, `album`, `type`, `total_tracks`, `year`) VALUES (20,'West Textures','standard',NULL,'1989');
INSERT INTO `albums` (`album_id`, `album`, `type`, `total_tracks`, `year`) VALUES (21,'Strait from the Heart','standard',NULL,'1982');
INSERT INTO `albums` (`album_id`, `album`, `type`, `total_tracks`, `year`) VALUES (22,'Gringo Honeymoon','standard',NULL,'1994');
INSERT INTO `albums` (`album_id`, `album`, `type`, `total_tracks`, `year`) VALUES (23,'Serious Hits...Live!','standard',NULL,'1990');
INSERT INTO `albums` (`album_id`, `album`, `type`, `total_tracks`, `year`) VALUES (24,'Redneck Country [Time Life] Disc 2','compilation',NULL,'2006');
INSERT INTO `albums` (`album_id`, `album`, `type`, `total_tracks`, `year`) VALUES (25,'The Very Best of Bonnie Tyler [Castle]','standard',NULL,'1996');
INSERT INTO `albums` (`album_id`, `album`, `type`, `total_tracks`, `year`) VALUES (26,'Duets','standard',NULL,'1990');
INSERT INTO `albums` (`album_id`, `album`, `type`, `total_tracks`, `year`) VALUES (27,'Piping Centre Recital Series, Vol. 4','standard',NULL,'1998');
INSERT INTO `albums` (`album_id`, `album`, `type`, `total_tracks`, `year`) VALUES (28,'Classics, Vol. 15','standard',NULL,'1987');
INSERT INTO `albums` (`album_id`, `album`, `type`, `total_tracks`, `year`) VALUES (29,NULL,'compilation',NULL,NULL);
INSERT INTO `albums` (`album_id`, `album`, `type`, `total_tracks`, `year`) VALUES (30,'Big Ones','standard',NULL,'1994');
INSERT INTO `albums` (`album_id`, `album`, `type`, `total_tracks`, `year`) VALUES (31,'Born Country','standard',NULL,'1997');
INSERT INTO `albums` (`album_id`, `album`, `type`, `total_tracks`, `year`) VALUES (32,'Greatest Hits, Vol. 2','compilation',NULL,'1991');
INSERT INTO `albums` (`album_id`, `album`, `type`, `total_tracks`, `year`) VALUES (33,'Da Turdy Point Buck','standard',6,NULL);
INSERT INTO `albums` (`album_id`, `album`, `type`, `total_tracks`, `year`) VALUES (34,'Da Turdy Point Buck III - Da Turd Album','standard',13,NULL);
INSERT INTO `albums` (`album_id`, `album`, `type`, `total_tracks`, `year`) VALUES (35,'Da Turdy Point Buck, Da Turd Album','standard',NULL,'1999');
INSERT INTO `albums` (`album_id`, `album`, `type`, `total_tracks`, `year`) VALUES (36,'Turdy Point Buck II Da Sequel','standard',11,NULL);
INSERT INTO `albums` (`album_id`, `album`, `type`, `total_tracks`, `year`) VALUES (37,'Stunt','standard',NULL,'1998');
INSERT INTO `albums` (`album_id`, `album`, `type`, `total_tracks`, `year`) VALUES (38,'Travelogue: Blues Traveler Classics','standard',NULL,'2002');
INSERT INTO `albums` (`album_id`, `album`, `type`, `total_tracks`, `year`) VALUES (39,'Blaze of Glory','standard',NULL,'1990');
INSERT INTO `albums` (`album_id`, `album`, `type`, `total_tracks`, `year`) VALUES (40,'Greetings from Asbury Park, N.J.','standard',NULL,'1973');
INSERT INTO `albums` (`album_id`, `album`, `type`, `total_tracks`, `year`) VALUES (41,'Home, Home on the Road','standard',NULL,'1982');
INSERT INTO `albums` (`album_id`, `album`, `type`, `total_tracks`, `year`) VALUES (42,'Anthology, Vol. 1','standard',NULL,'2005');
INSERT INTO `albums` (`album_id`, `album`, `type`, `total_tracks`, `year`) VALUES (43,'Live','standard',NULL,'1997');
INSERT INTO `albums` (`album_id`, `album`, `type`, `total_tracks`, `year`) VALUES (44,'Clay Walker','standard',NULL,'1993');
INSERT INTO `albums` (`album_id`, `album`, `type`, `total_tracks`, `year`) VALUES (45,'I Think About You','standard',NULL,'1995');
INSERT INTO `albums` (`album_id`, `album`, `type`, `total_tracks`, `year`) VALUES (46,'Hard Rain Don\'t Last','standard',NULL,'2000');
INSERT INTO `albums` (`album_id`, `album`, `type`, `total_tracks`, `year`) VALUES (47,'Live: If That Ain\'t Country..','standard',NULL,'1997');
INSERT INTO `albums` (`album_id`, `album`, `type`, `total_tracks`, `year`) VALUES (48,'Private Investigations: The Best of Dire Straits &#38; Mark Knopfler Disc 1','standard',NULL,'2005');
INSERT INTO `albums` (`album_id`, `album`, `type`, `total_tracks`, `year`) VALUES (49,'Home','standard',NULL,'2002');
INSERT INTO `albums` (`album_id`, `album`, `type`, `total_tracks`, `year`) VALUES (50,'The Best of Don McLean [EMI #1]','standard',NULL,'1991');
INSERT INTO `albums` (`album_id`, `album`, `type`, `total_tracks`, `year`) VALUES (51,'Hell Freezes Over','standard',NULL,'1994');
INSERT INTO `albums` (`album_id`, `album`, `type`, `total_tracks`, `year`) VALUES (52,'The Very Best of the Eagles [2001]','standard',NULL,'2001');
INSERT INTO `albums` (`album_id`, `album`, `type`, `total_tracks`, `year`) VALUES (53,'A New World Record','standard',NULL,'1976');
INSERT INTO `albums` (`album_id`, `album`, `type`, `total_tracks`, `year`) VALUES (54,'Greatest Hits [Warner Bros.]','standard',NULL,'1988');
INSERT INTO `albums` (`album_id`, `album`, `type`, `total_tracks`, `year`) VALUES (55,'Rumours','standard',NULL,'1999');
INSERT INTO `albums` (`album_id`, `album`, `type`, `total_tracks`, `year`) VALUES (56,'Appetite for Destruction','standard',NULL,'1987');
INSERT INTO `albums` (`album_id`, `album`, `type`, `total_tracks`, `year`) VALUES (57,'Greatest Hits, Vol. 2 [PolyGram]','standard',NULL,'1985');
INSERT INTO `albums` (`album_id`, `album`, `type`, `total_tracks`, `year`) VALUES (58,'Hank Live','standard',NULL,'1986');
INSERT INTO `albums` (`album_id`, `album`, `type`, `total_tracks`, `year`) VALUES (59,'20th Century Masters - The Millennium Collection: The Best of Head East','standard',NULL,'2001');
INSERT INTO `albums` (`album_id`, `album`, `type`, `total_tracks`, `year`) VALUES (60,'The Irish Rovers Party Pack','standard',NULL,'2000');
INSERT INTO `albums` (`album_id`, `album`, `type`, `total_tracks`, `year`) VALUES (61,'Hits (CD 1)','standard',NULL,'1979');
INSERT INTO `albums` (`album_id`, `album`, `type`, `total_tracks`, `year`) VALUES (62,'The Best Of Jerry Jeff Walker','standard',10,'1997');
INSERT INTO `albums` (`album_id`, `album`, `type`, `total_tracks`, `year`) VALUES (63,'Songs You Know by Heart','standard',NULL,'1985');
INSERT INTO `albums` (`album_id`, `album`, `type`, `total_tracks`, `year`) VALUES (64,'Johnny Horton: Live at the Louisiana Hayride','standard',NULL,'2006');
INSERT INTO `albums` (`album_id`, `album`, `type`, `total_tracks`, `year`) VALUES (65,'Smithsonian Classic Country','standard',NULL,'1959');
INSERT INTO `albums` (`album_id`, `album`, `type`, `total_tracks`, `year`) VALUES (66,'The Best of Kansas [1999]','standard',NULL,'1999');
INSERT INTO `albums` (`album_id`, `album`, `type`, `total_tracks`, `year`) VALUES (67,'Led Zeppelin IV','standard',8,'1994');
INSERT INTO `albums` (`album_id`, `album`, `type`, `total_tracks`, `year`) VALUES (68,'Mothership (Remastered)','standard',24,'2007');
INSERT INTO `albums` (`album_id`, `album`, `type`, `total_tracks`, `year`) VALUES (69,'The Complete Led Zeppelin','standard',165,NULL);
INSERT INTO `albums` (`album_id`, `album`, `type`, `total_tracks`, `year`) VALUES (70,'The Best of Lita Ford','standard',NULL,'1992');
INSERT INTO `albums` (`album_id`, `album`, `type`, `total_tracks`, `year`) VALUES (71,'I\'m Already there','standard',NULL,'2001');
INSERT INTO `albums` (`album_id`, `album`, `type`, `total_tracks`, `year`) VALUES (72,'Move or Be Moved','standard',NULL,'2005');
INSERT INTO `albums` (`album_id`, `album`, `type`, `total_tracks`, `year`) VALUES (73,'Best Shots','standard',NULL,'1978');
INSERT INTO `albums` (`album_id`, `album`, `type`, `total_tracks`, `year`) VALUES (74,'Graceland','standard',NULL,'1986');
INSERT INTO `albums` (`album_id`, `album`, `type`, `total_tracks`, `year`) VALUES (75,'Bustin\' Out','standard',NULL,'1972');
INSERT INTO `albums` (`album_id`, `album`, `type`, `total_tracks`, `year`) VALUES (76,'The Day','standard',NULL,'2000');
INSERT INTO `albums` (`album_id`, `album`, `type`, `total_tracks`, `year`) VALUES (77,'No. 2 Live Dinner','standard',NULL,'1996');
INSERT INTO `albums` (`album_id`, `album`, `type`, `total_tracks`, `year`) VALUES (78,'The Party Never Ends: Songs You Know from the Times You Can\'t Remember','standard',NULL,'2003');
INSERT INTO `albums` (`album_id`, `album`, `type`, `total_tracks`, `year`) VALUES (79,'Collection-  Deep in the West','standard',NULL,NULL);
INSERT INTO `albums` (`album_id`, `album`, `type`, `total_tracks`, `year`) VALUES (80,'Sheryl Crow','standard',NULL,'1996');
INSERT INTO `albums` (`album_id`, `album`, `type`, `total_tracks`, `year`) VALUES (81,'Essential Steve Earle','standard',NULL,'1999');
INSERT INTO `albums` (`album_id`, `album`, `type`, `total_tracks`, `year`) VALUES (82,'Guitar Town [Bonus Track]','standard',NULL,'2002');
INSERT INTO `albums` (`album_id`, `album`, `type`, `total_tracks`, `year`) VALUES (83,'I Feel Alright','standard',NULL,'1996');
INSERT INTO `albums` (`album_id`, `album`, `type`, `total_tracks`, `year`) VALUES (84,'Sidetracks','standard',NULL,'2002');
INSERT INTO `albums` (`album_id`, `album`, `type`, `total_tracks`, `year`) VALUES (85,'Bella Donna','standard',NULL,'1981');
INSERT INTO `albums` (`album_id`, `album`, `type`, `total_tracks`, `year`) VALUES (86,'Greatest Hits [#1]','standard',NULL,'1996');
INSERT INTO `albums` (`album_id`, `album`, `type`, `total_tracks`, `year`) VALUES (87,'Platinum &#38; Gold Collection','standard',NULL,'2003');
INSERT INTO `albums` (`album_id`, `album`, `type`, `total_tracks`, `year`) VALUES (88,'Everywhere','standard',NULL,'1997');
INSERT INTO `albums` (`album_id`, `album`, `type`, `total_tracks`, `year`) VALUES (89,'How Do You Like Me Now?','standard',NULL,'1999');
INSERT INTO `albums` (`album_id`, `album`, `type`, `total_tracks`, `year`) VALUES (90,'Shock\'n Y\'All','standard',NULL,'2003');
INSERT INTO `albums` (`album_id`, `album`, `type`, `total_tracks`, `year`) VALUES (91,'Unleashed','standard',NULL,'2002');
INSERT INTO `albums` (`album_id`, `album`, `type`, `total_tracks`, `year`) VALUES (92,'Wild Thing and Other Hits','standard',NULL,'2003');
INSERT INTO `albums` (`album_id`, `album`, `type`, `total_tracks`, `year`) VALUES (93,'Texas Rain','standard',NULL,'2001');
INSERT INTO `albums` (`album_id`, `album`, `type`, `total_tracks`, `year`) VALUES (94,'The Lost Christmas Eve','standard',23,'2004');
INSERT INTO `albums` (`album_id`, `album`, `type`, `total_tracks`, `year`) VALUES (95,'70\'s Party Rock','standard',NULL,NULL);
INSERT INTO `albums` (`album_id`, `album`, `type`, `total_tracks`, `year`) VALUES (96,'Appalachian Stomp: Bluegrass Classics','standard',NULL,'1995');
INSERT INTO `albums` (`album_id`, `album`, `type`, `total_tracks`, `year`) VALUES (97,'Grammy\'s Greatest Moments, Vol. 2','standard',NULL,'1994');
INSERT INTO `albums` (`album_id`, `album`, `type`, `total_tracks`, `year`) VALUES (98,'Harley Davidson Road Songs Disc 1','compilation',NULL,'1994');
INSERT INTO `albums` (`album_id`, `album`, `type`, `total_tracks`, `year`) VALUES (99,'Redneck Country [Time Life] Disc 1','compilation',NULL,'2006');
INSERT INTO `albums` (`album_id`, `album`, `type`, `total_tracks`, `year`) VALUES (100,'Road Rock','compilation',NULL,NULL);
INSERT INTO `albums` (`album_id`, `album`, `type`, `total_tracks`, `year`) VALUES (101,'Songs of the Civil War [Columbia]','standard',NULL,'1991');
INSERT INTO `albums` (`album_id`, `album`, `type`, `total_tracks`, `year`) VALUES (102,'VH1: The Big 80\'s','standard',NULL,'1996');
INSERT INTO `albums` (`album_id`, `album`, `type`, `total_tracks`, `year`) VALUES (103,'The Yes Album','standard',NULL,'1971');
INSERT INTO `albums` (`album_id`, `album`, `type`, `total_tracks`, `year`) VALUES (104,'Transcendental Blues','standard',15,'2000');
INSERT INTO `albums` (`album_id`, `album`, `type`, `total_tracks`, `year`) VALUES (105,'A Collection of Great Dance Songs','standard',6,'1981');
INSERT INTO `albums` (`album_id`, `album`, `type`, `total_tracks`, `year`) VALUES (106,'Geronimo\'s Cadillac','standard',12,'1972');
INSERT INTO `albums` (`album_id`, `album`, `type`, `total_tracks`, `year`) VALUES (107,'2 [Explicit]','standard',14,'2006');
INSERT INTO `albums` (`album_id`, `album`, `type`, `total_tracks`, `year`) VALUES (108,'El Cuatro [Explicit]','standard',12,'2012');
INSERT INTO `albums` (`album_id`, `album`, `type`, `total_tracks`, `year`) VALUES (109,'Live at the Sand Trap','standard',12,'2003');
INSERT INTO `albums` (`album_id`, `album`, `type`, `total_tracks`, `year`) VALUES (110,'Live At Tommy Rockers (No Really, It Was Live)','standard',18,'2007');
INSERT INTO `albums` (`album_id`, `album`, `type`, `total_tracks`, `year`) VALUES (111,'Songs of Innocence','standard',11,'2014');
INSERT INTO `albums` (`album_id`, `album`, `type`, `total_tracks`, `year`) VALUES (112,'Fallen','standard',12,'2003');
INSERT INTO `albums` (`album_id`, `album`, `type`, `total_tracks`, `year`) VALUES (113,'Them vs. You vs. Me','standard',12,'2007');
/*!40000 ALTER TABLE `albums` ENABLE KEYS */;
UNLOCK TABLES;

--
-- Dumping data for table `artist_genres`
--

LOCK TABLES `artist_genres` WRITE;
/*!40000 ALTER TABLE `artist_genres` DISABLE KEYS */;
INSERT INTO `artist_genres` (`artist_id`, `genre_id`) VALUES (1,1);
INSERT INTO `artist_genres` (`artist_id`, `genre_id`) VALUES (2,2);
INSERT INTO `artist_genres` (`artist_id`, `genre_id`) VALUES (3,3);
INSERT INTO `artist_genres` (`artist_id`, `genre_id`) VALUES (3,4);
INSERT INTO `artist_genres` (`artist_id`, `genre_id`) VALUES (4,4);
INSERT INTO `artist_genres` (`artist_id`, `genre_id`) VALUES (5,1);
INSERT INTO `artist_genres` (`artist_id`, `genre_id`) VALUES (5,3);
INSERT INTO `artist_genres` (`artist_id`, `genre_id`) VALUES (5,4);
INSERT INTO `artist_genres` (`artist_id`, `genre_id`) VALUES (5,5);
INSERT INTO `artist_genres` (`artist_id`, `genre_id`) VALUES (5,6);
INSERT INTO `artist_genres` (`artist_id`, `genre_id`) VALUES (5,8);
INSERT INTO `artist_genres` (`artist_id`, `genre_id`) VALUES (6,1);
INSERT INTO `artist_genres` (`artist_id`, `genre_id`) VALUES (6,9);
INSERT INTO `artist_genres` (`artist_id`, `genre_id`) VALUES (7,1);
INSERT INTO `artist_genres` (`artist_id`, `genre_id`) VALUES (8,4);
INSERT INTO `artist_genres` (`artist_id`, `genre_id`) VALUES (9,1);
INSERT INTO `artist_genres` (`artist_id`, `genre_id`) VALUES (10,4);
INSERT INTO `artist_genres` (`artist_id`, `genre_id`) VALUES (11,4);
INSERT INTO `artist_genres` (`artist_id`, `genre_id`) VALUES (12,7);
INSERT INTO `artist_genres` (`artist_id`, `genre_id`) VALUES (13,4);
INSERT INTO `artist_genres` (`artist_id`, `genre_id`) VALUES (14,1);
INSERT INTO `artist_genres` (`artist_id`, `genre_id`) VALUES (15,4);
INSERT INTO `artist_genres` (`artist_id`, `genre_id`) VALUES (16,3);
INSERT INTO `artist_genres` (`artist_id`, `genre_id`) VALUES (16,9);
INSERT INTO `artist_genres` (`artist_id`, `genre_id`) VALUES (16,15);
INSERT INTO `artist_genres` (`artist_id`, `genre_id`) VALUES (17,4);
INSERT INTO `artist_genres` (`artist_id`, `genre_id`) VALUES (18,9);
INSERT INTO `artist_genres` (`artist_id`, `genre_id`) VALUES (19,4);
INSERT INTO `artist_genres` (`artist_id`, `genre_id`) VALUES (20,1);
INSERT INTO `artist_genres` (`artist_id`, `genre_id`) VALUES (21,4);
INSERT INTO `artist_genres` (`artist_id`, `genre_id`) VALUES (22,1);
INSERT INTO `artist_genres` (`artist_id`, `genre_id`) VALUES (23,9);
INSERT INTO `artist_genres` (`artist_id`, `genre_id`) VALUES (24,1);
INSERT INTO `artist_genres` (`artist_id`, `genre_id`) VALUES (25,10);
INSERT INTO `artist_genres` (`artist_id`, `genre_id`) VALUES (26,1);
INSERT INTO `artist_genres` (`artist_id`, `genre_id`) VALUES (27,10);
INSERT INTO `artist_genres` (`artist_id`, `genre_id`) VALUES (28,4);
INSERT INTO `artist_genres` (`artist_id`, `genre_id`) VALUES (29,10);
INSERT INTO `artist_genres` (`artist_id`, `genre_id`) VALUES (29,11);
INSERT INTO `artist_genres` (`artist_id`, `genre_id`) VALUES (30,12);
INSERT INTO `artist_genres` (`artist_id`, `genre_id`) VALUES (31,13);
INSERT INTO `artist_genres` (`artist_id`, `genre_id`) VALUES (32,1);
INSERT INTO `artist_genres` (`artist_id`, `genre_id`) VALUES (32,3);
INSERT INTO `artist_genres` (`artist_id`, `genre_id`) VALUES (33,10);
INSERT INTO `artist_genres` (`artist_id`, `genre_id`) VALUES (34,1);
INSERT INTO `artist_genres` (`artist_id`, `genre_id`) VALUES (35,14);
INSERT INTO `artist_genres` (`artist_id`, `genre_id`) VALUES (36,4);
INSERT INTO `artist_genres` (`artist_id`, `genre_id`) VALUES (37,4);
INSERT INTO `artist_genres` (`artist_id`, `genre_id`) VALUES (38,4);
INSERT INTO `artist_genres` (`artist_id`, `genre_id`) VALUES (39,4);
INSERT INTO `artist_genres` (`artist_id`, `genre_id`) VALUES (40,4);
INSERT INTO `artist_genres` (`artist_id`, `genre_id`) VALUES (41,10);
INSERT INTO `artist_genres` (`artist_id`, `genre_id`) VALUES (42,1);
INSERT INTO `artist_genres` (`artist_id`, `genre_id`) VALUES (43,4);
INSERT INTO `artist_genres` (`artist_id`, `genre_id`) VALUES (44,1);
INSERT INTO `artist_genres` (`artist_id`, `genre_id`) VALUES (45,6);
INSERT INTO `artist_genres` (`artist_id`, `genre_id`) VALUES (45,14);
INSERT INTO `artist_genres` (`artist_id`, `genre_id`) VALUES (46,1);
INSERT INTO `artist_genres` (`artist_id`, `genre_id`) VALUES (47,1);
INSERT INTO `artist_genres` (`artist_id`, `genre_id`) VALUES (48,10);
INSERT INTO `artist_genres` (`artist_id`, `genre_id`) VALUES (49,1);
INSERT INTO `artist_genres` (`artist_id`, `genre_id`) VALUES (49,10);
INSERT INTO `artist_genres` (`artist_id`, `genre_id`) VALUES (50,1);
INSERT INTO `artist_genres` (`artist_id`, `genre_id`) VALUES (51,1);
INSERT INTO `artist_genres` (`artist_id`, `genre_id`) VALUES (52,1);
INSERT INTO `artist_genres` (`artist_id`, `genre_id`) VALUES (53,4);
INSERT INTO `artist_genres` (`artist_id`, `genre_id`) VALUES (54,4);
INSERT INTO `artist_genres` (`artist_id`, `genre_id`) VALUES (55,4);
INSERT INTO `artist_genres` (`artist_id`, `genre_id`) VALUES (56,4);
INSERT INTO `artist_genres` (`artist_id`, `genre_id`) VALUES (57,1);
INSERT INTO `artist_genres` (`artist_id`, `genre_id`) VALUES (57,16);
INSERT INTO `artist_genres` (`artist_id`, `genre_id`) VALUES (58,7);
INSERT INTO `artist_genres` (`artist_id`, `genre_id`) VALUES (59,13);
INSERT INTO `artist_genres` (`artist_id`, `genre_id`) VALUES (60,4);
INSERT INTO `artist_genres` (`artist_id`, `genre_id`) VALUES (61,7);
INSERT INTO `artist_genres` (`artist_id`, `genre_id`) VALUES (62,1);
INSERT INTO `artist_genres` (`artist_id`, `genre_id`) VALUES (63,3);
INSERT INTO `artist_genres` (`artist_id`, `genre_id`) VALUES (64,17);
INSERT INTO `artist_genres` (`artist_id`, `genre_id`) VALUES (65,3);
INSERT INTO `artist_genres` (`artist_id`, `genre_id`) VALUES (66,18);
INSERT INTO `artist_genres` (`artist_id`, `genre_id`) VALUES (67,9);
INSERT INTO `artist_genres` (`artist_id`, `genre_id`) VALUES (68,1);
INSERT INTO `artist_genres` (`artist_id`, `genre_id`) VALUES (69,4);
INSERT INTO `artist_genres` (`artist_id`, `genre_id`) VALUES (70,3);
INSERT INTO `artist_genres` (`artist_id`, `genre_id`) VALUES (71,13);
INSERT INTO `artist_genres` (`artist_id`, `genre_id`) VALUES (72,14);
INSERT INTO `artist_genres` (`artist_id`, `genre_id`) VALUES (73,19);
INSERT INTO `artist_genres` (`artist_id`, `genre_id`) VALUES (74,4);
INSERT INTO `artist_genres` (`artist_id`, `genre_id`) VALUES (75,4);
INSERT INTO `artist_genres` (`artist_id`, `genre_id`) VALUES (76,20);
INSERT INTO `artist_genres` (`artist_id`, `genre_id`) VALUES (77,9);
INSERT INTO `artist_genres` (`artist_id`, `genre_id`) VALUES (78,1);
INSERT INTO `artist_genres` (`artist_id`, `genre_id`) VALUES (79,4);
INSERT INTO `artist_genres` (`artist_id`, `genre_id`) VALUES (80,1);
INSERT INTO `artist_genres` (`artist_id`, `genre_id`) VALUES (81,1);
INSERT INTO `artist_genres` (`artist_id`, `genre_id`) VALUES (82,1);
INSERT INTO `artist_genres` (`artist_id`, `genre_id`) VALUES (83,4);
INSERT INTO `artist_genres` (`artist_id`, `genre_id`) VALUES (84,4);
INSERT INTO `artist_genres` (`artist_id`, `genre_id`) VALUES (85,4);
INSERT INTO `artist_genres` (`artist_id`, `genre_id`) VALUES (86,1);
INSERT INTO `artist_genres` (`artist_id`, `genre_id`) VALUES (87,9);
INSERT INTO `artist_genres` (`artist_id`, `genre_id`) VALUES (88,1);
INSERT INTO `artist_genres` (`artist_id`, `genre_id`) VALUES (89,18);
INSERT INTO `artist_genres` (`artist_id`, `genre_id`) VALUES (90,1);
INSERT INTO `artist_genres` (`artist_id`, `genre_id`) VALUES (91,4);
INSERT INTO `artist_genres` (`artist_id`, `genre_id`) VALUES (92,10);
INSERT INTO `artist_genres` (`artist_id`, `genre_id`) VALUES (93,1);
INSERT INTO `artist_genres` (`artist_id`, `genre_id`) VALUES (93,21);
INSERT INTO `artist_genres` (`artist_id`, `genre_id`) VALUES (94,1);
INSERT INTO `artist_genres` (`artist_id`, `genre_id`) VALUES (95,22);
INSERT INTO `artist_genres` (`artist_id`, `genre_id`) VALUES (96,1);
INSERT INTO `artist_genres` (`artist_id`, `genre_id`) VALUES (97,13);
/*!40000 ALTER TABLE `artist_genres` ENABLE KEYS */;
UNLOCK TABLES;

--
-- Dumping data for table `artists`
--

LOCK TABLES `artists` WRITE;
/*!40000 ALTER TABLE `artists` DISABLE KEYS */;
INSERT INTO `artists` (`artist_id`, `artist`) VALUES (1,'Dire Straits');
INSERT INTO `artists` (`artist_id`, `artist`) VALUES (2,'Baha Men');
INSERT INTO `artists` (`artist_id`, `artist`) VALUES (3,'Emmy Lou Harris');
INSERT INTO `artists` (`artist_id`, `artist`) VALUES (4,'Reba McEntire');
INSERT INTO `artists` (`artist_id`, `artist`) VALUES (5,'Steve Earle');
INSERT INTO `artists` (`artist_id`, `artist`) VALUES (6,'Jimmy Buffett');
INSERT INTO `artists` (`artist_id`, `artist`) VALUES (7,'Journey');
INSERT INTO `artists` (`artist_id`, `artist`) VALUES (8,'Travis Tritt');
INSERT INTO `artists` (`artist_id`, `artist`) VALUES (9,'Kansas');
INSERT INTO `artists` (`artist_id`, `artist`) VALUES (10,'C.W. McCall');
INSERT INTO `artists` (`artist_id`, `artist`) VALUES (11,'David Allan Coe');
INSERT INTO `artists` (`artist_id`, `artist`) VALUES (12,'Trans-Siberian Orchestra');
INSERT INTO `artists` (`artist_id`, `artist`) VALUES (13,'Hank Williams, Jr.');
INSERT INTO `artists` (`artist_id`, `artist`) VALUES (14,'Grateful Dead');
INSERT INTO `artists` (`artist_id`, `artist`) VALUES (15,'Mark Chestnutt');
INSERT INTO `artists` (`artist_id`, `artist`) VALUES (16,'Irish Rovers');
INSERT INTO `artists` (`artist_id`, `artist`) VALUES (17,'Joe Diffie');
INSERT INTO `artists` (`artist_id`, `artist`) VALUES (18,'Robert Earl Keen, Jr.');
INSERT INTO `artists` (`artist_id`, `artist`) VALUES (19,'George Strait');
INSERT INTO `artists` (`artist_id`, `artist`) VALUES (20,'Phil Collins');
INSERT INTO `artists` (`artist_id`, `artist`) VALUES (21,'Sawyer Brown');
INSERT INTO `artists` (`artist_id`, `artist`) VALUES (22,'Bonnie Tyler');
INSERT INTO `artists` (`artist_id`, `artist`) VALUES (23,'Gordon Duncan');
INSERT INTO `artists` (`artist_id`, `artist`) VALUES (24,'Styx');
INSERT INTO `artists` (`artist_id`, `artist`) VALUES (25,NULL);
INSERT INTO `artists` (`artist_id`, `artist`) VALUES (26,'Aerosmith');
INSERT INTO `artists` (`artist_id`, `artist`) VALUES (27,'Al Stewart');
INSERT INTO `artists` (`artist_id`, `artist`) VALUES (28,'Alabama');
INSERT INTO `artists` (`artist_id`, `artist`) VALUES (29,'Bananas At Large');
INSERT INTO `artists` (`artist_id`, `artist`) VALUES (30,'Bananas at Large');
INSERT INTO `artists` (`artist_id`, `artist`) VALUES (31,'Bare Naked Ladies');
INSERT INTO `artists` (`artist_id`, `artist`) VALUES (32,'Blues Traveler');
INSERT INTO `artists` (`artist_id`, `artist`) VALUES (33,'Bobby Horton');
INSERT INTO `artists` (`artist_id`, `artist`) VALUES (34,'Bon Jovi');
INSERT INTO `artists` (`artist_id`, `artist`) VALUES (35,'ELO');
INSERT INTO `artists` (`artist_id`, `artist`) VALUES (36,'Chris LeDoux');
INSERT INTO `artists` (`artist_id`, `artist`) VALUES (37,'Clay Walker');
INSERT INTO `artists` (`artist_id`, `artist`) VALUES (38,'Clint Black');
INSERT INTO `artists` (`artist_id`, `artist`) VALUES (39,'Collin Raye');
INSERT INTO `artists` (`artist_id`, `artist`) VALUES (40,'Darryl Worley');
INSERT INTO `artists` (`artist_id`, `artist`) VALUES (41,'David Allen Coe');
INSERT INTO `artists` (`artist_id`, `artist`) VALUES (42,'Dire Straits/Mark Knopfler');
INSERT INTO `artists` (`artist_id`, `artist`) VALUES (43,'Dixie Chicks');
INSERT INTO `artists` (`artist_id`, `artist`) VALUES (44,'Don McLean');
INSERT INTO `artists` (`artist_id`, `artist`) VALUES (45,'The Eagles');
INSERT INTO `artists` (`artist_id`, `artist`) VALUES (46,'Eagles');
INSERT INTO `artists` (`artist_id`, `artist`) VALUES (47,'Electric Light Orchestra');
INSERT INTO `artists` (`artist_id`, `artist`) VALUES (48,'Fisherman\'s Friends');
INSERT INTO `artists` (`artist_id`, `artist`) VALUES (49,'Fleetwood Mac');
INSERT INTO `artists` (`artist_id`, `artist`) VALUES (50,'Guns N Roses');
INSERT INTO `artists` (`artist_id`, `artist`) VALUES (51,'Head East');
INSERT INTO `artists` (`artist_id`, `artist`) VALUES (52,'Jefferson Starship');
INSERT INTO `artists` (`artist_id`, `artist`) VALUES (53,'Jerry Jeff Walker');
INSERT INTO `artists` (`artist_id`, `artist`) VALUES (54,'Jo Dee Messina');
INSERT INTO `artists` (`artist_id`, `artist`) VALUES (55,'John Michael Montgomery');
INSERT INTO `artists` (`artist_id`, `artist`) VALUES (56,'Johnny Horton');
INSERT INTO `artists` (`artist_id`, `artist`) VALUES (57,'Led Zeppelin');
INSERT INTO `artists` (`artist_id`, `artist`) VALUES (58,'Lisa Loeb');
INSERT INTO `artists` (`artist_id`, `artist`) VALUES (59,'Lita Ford');
INSERT INTO `artists` (`artist_id`, `artist`) VALUES (60,'Lonestar');
INSERT INTO `artists` (`artist_id`, `artist`) VALUES (61,'Mike Curb Congregation');
INSERT INTO `artists` (`artist_id`, `artist`) VALUES (62,'Pat Benatar');
INSERT INTO `artists` (`artist_id`, `artist`) VALUES (63,'Paul Simon');
INSERT INTO `artists` (`artist_id`, `artist`) VALUES (64,'Pure Prairie League');
INSERT INTO `artists` (`artist_id`, `artist`) VALUES (65,'Rebel Songs  ');
INSERT INTO `artists` (`artist_id`, `artist`) VALUES (66,'Reckless Kelly');
INSERT INTO `artists` (`artist_id`, `artist`) VALUES (67,'Shake Russell');
INSERT INTO `artists` (`artist_id`, `artist`) VALUES (68,'Sheryl Crow');
INSERT INTO `artists` (`artist_id`, `artist`) VALUES (69,'Steve Earl');
INSERT INTO `artists` (`artist_id`, `artist`) VALUES (70,'Stevie Nicks');
INSERT INTO `artists` (`artist_id`, `artist`) VALUES (71,'The Bangles');
INSERT INTO `artists` (`artist_id`, `artist`) VALUES (72,'the doors');
INSERT INTO `artists` (`artist_id`, `artist`) VALUES (73,'The Outlaws');
INSERT INTO `artists` (`artist_id`, `artist`) VALUES (74,'Tim McGraw');
INSERT INTO `artists` (`artist_id`, `artist`) VALUES (75,'Toby Keith');
INSERT INTO `artists` (`artist_id`, `artist`) VALUES (76,'Tone-Loc');
INSERT INTO `artists` (`artist_id`, `artist`) VALUES (77,'Emmylou Harris/Townes Van Zandt');
INSERT INTO `artists` (`artist_id`, `artist`) VALUES (78,'Boston');
INSERT INTO `artists` (`artist_id`, `artist`) VALUES (79,'Eric Weissberg/Steve Mandell');
INSERT INTO `artists` (`artist_id`, `artist`) VALUES (80,'Billy Joel');
INSERT INTO `artists` (`artist_id`, `artist`) VALUES (81,'Bob Seger');
INSERT INTO `artists` (`artist_id`, `artist`) VALUES (82,'Steppenwolf');
INSERT INTO `artists` (`artist_id`, `artist`) VALUES (83,'The Charlie Daniels Band');
INSERT INTO `artists` (`artist_id`, `artist`) VALUES (84,'Tracy Byrd');
INSERT INTO `artists` (`artist_id`, `artist`) VALUES (85,'Cledus T. Judd');
INSERT INTO `artists` (`artist_id`, `artist`) VALUES (86,'Golden Earring');
INSERT INTO `artists` (`artist_id`, `artist`) VALUES (87,'Hoyt Axton');
INSERT INTO `artists` (`artist_id`, `artist`) VALUES (88,'Nena');
INSERT INTO `artists` (`artist_id`, `artist`) VALUES (89,'Yes');
INSERT INTO `artists` (`artist_id`, `artist`) VALUES (90,'Pink Floyd');
INSERT INTO `artists` (`artist_id`, `artist`) VALUES (91,'Michael Martin Murphey');
INSERT INTO `artists` (`artist_id`, `artist`) VALUES (93,'Dos Gringos');
INSERT INTO `artists` (`artist_id`, `artist`) VALUES (94,'U2');
INSERT INTO `artists` (`artist_id`, `artist`) VALUES (95,'Christopher Nolan');
INSERT INTO `artists` (`artist_id`, `artist`) VALUES (96,'Evanescence');
INSERT INTO `artists` (`artist_id`, `artist`) VALUES (97,'Finger Eleven');
/*!40000 ALTER TABLE `artists` ENABLE KEYS */;
UNLOCK TABLES;

--
-- Dumping data for table `genres`
--

LOCK TABLES `genres` WRITE;
/*!40000 ALTER TABLE `genres` DISABLE KEYS */;
INSERT INTO `genres` (`genre_id`, `genre`) VALUES (1,'Rock');
INSERT INTO `genres` (`genre_id`, `genre`) VALUES (2,'Soul and R&#38;B');
INSERT INTO `genres` (`genre_id`, `genre`) VALUES (3,'Other');
INSERT INTO `genres` (`genre_id`, `genre`) VALUES (4,'Country');
INSERT INTO `genres` (`genre_id`, `genre`) VALUES (5,'Americana');
INSERT INTO `genres` (`genre_id`, `genre`) VALUES (6,'Rock/Pop');
INSERT INTO `genres` (`genre_id`, `genre`) VALUES (7,'Pop');
INSERT INTO `genres` (`genre_id`, `genre`) VALUES (8,'Folk/Rock');
INSERT INTO `genres` (`genre_id`, `genre`) VALUES (9,'Folk');
INSERT INTO `genres` (`genre_id`, `genre`) VALUES (10,NULL);
INSERT INTO `genres` (`genre_id`, `genre`) VALUES (11,'Comedy/SpokenWord/Other');
INSERT INTO `genres` (`genre_id`, `genre`) VALUES (12,'Comedy');
INSERT INTO `genres` (`genre_id`, `genre`) VALUES (13,'Alternative');
INSERT INTO `genres` (`genre_id`, `genre`) VALUES (14,'Classic Rock');
INSERT INTO `genres` (`genre_id`, `genre`) VALUES (15,'Celtic/East Coast');
INSERT INTO `genres` (`genre_id`, `genre`) VALUES (16,'\'70s Rock');
INSERT INTO `genres` (`genre_id`, `genre`) VALUES (17,'Southern Rock');
INSERT INTO `genres` (`genre_id`, `genre`) VALUES (18,'Folk-Rock');
INSERT INTO `genres` (`genre_id`, `genre`) VALUES (19,'Oldies');
INSERT INTO `genres` (`genre_id`, `genre`) VALUES (20,'Rap &#38; Hip-Hop');
INSERT INTO `genres` (`genre_id`, `genre`) VALUES (21,'Miscellaneous');
INSERT INTO `genres` (`genre_id`, `genre`) VALUES (22,'Sci-Fi &#38; Fantasy');
/*!40000 ALTER TABLE `genres` ENABLE KEYS */;
UNLOCK TABLES;

--
-- Dumping data for table `playlist_songs`
--

LOCK TABLES `playlist_songs` WRITE;
/*!40000 ALTER TABLE `playlist_songs` DISABLE KEYS */;
/*!40000 ALTER TABLE `playlist_songs` ENABLE KEYS */;
UNLOCK TABLES;

--
-- Dumping data for table `playlists`
--

LOCK TABLES `playlists` WRITE;
/*!40000 ALTER TABLE `playlists` DISABLE KEYS */;
/*!40000 ALTER TABLE `playlists` ENABLE KEYS */;
UNLOCK TABLES;

--
-- Dumping data for table `song_genres`
--

LOCK TABLES `song_genres` WRITE;
/*!40000 ALTER TABLE `song_genres` DISABLE KEYS */;
/*!40000 ALTER TABLE `song_genres` ENABLE KEYS */;
UNLOCK TABLES;

--
-- Dumping data for table `song_types`
--

LOCK TABLES `song_types` WRITE;
/*!40000 ALTER TABLE `song_types` DISABLE KEYS */;
/*!40000 ALTER TABLE `song_types` ENABLE KEYS */;
UNLOCK TABLES;

--
-- Dumping data for table `songs`
--

LOCK TABLES `songs` WRITE;
/*!40000 ALTER TABLE `songs` DISABLE KEYS */;
INSERT INTO `songs` (`song_id`, `title`, `artist_id`, `album_id`, `genre_id`, `track`, `duration`, `seconds`, `lyrics`, `comment`, `bitrate`, `samplerate`, `fileformat`, `channels`, `tagtypes`, `filename`, `filesize`, `filepath`, `year`, `uber_rating`, `uber_playcount`) VALUES (1,'Sultans of Swing',1,1,1,1,NULL,346331,'',NULL,256,44100,'',NULL,NULL,'file:///Users/bprewit/Google%20Drive/music/Music/Dire%20Straits/Money%20for%20Nothing/01%20Sultans%20of%20Swing.mp3',11074910,'file:///Users/bprewit/Google%20Drive/music/Music/Dire%20Straits/Money%20for%20Nothing/01%20Sultans%20of%20Swing.mp3','1988',NULL,4);
INSERT INTO `songs` (`song_id`, `title`, `artist_id`, `album_id`, `genre_id`, `track`, `duration`, `seconds`, `lyrics`, `comment`, `bitrate`, `samplerate`, `fileformat`, `channels`, `tagtypes`, `filename`, `filesize`, `filepath`, `year`, `uber_rating`, `uber_playcount`) VALUES (2,'Who Let the Dogs Out',2,2,2,1,NULL,197302,'',NULL,192,44100,'',NULL,NULL,'file:///Users/bprewit/Google%20Drive/music/Music/Baha%20Men/Who%20Let%20the%20Dogs%20Out/01%20Who%20Let%20the%20Dogs%20Out.mp3',4740075,'file:///Users/bprewit/Google%20Drive/music/Music/Baha%20Men/Who%20Let%20the%20Dogs%20Out/01%20Who%20Let%20the%20Dogs%20Out.mp3','2000',NULL,5);
INSERT INTO `songs` (`song_id`, `title`, `artist_id`, `album_id`, `genre_id`, `track`, `duration`, `seconds`, `lyrics`, `comment`, `bitrate`, `samplerate`, `fileformat`, `channels`, `tagtypes`, `filename`, `filesize`, `filepath`, `year`, `uber_rating`, `uber_playcount`) VALUES (3,'Pancho &#38; Lefty',3,3,3,2,NULL,292806,'',NULL,128,44100,'',NULL,NULL,'file:///Users/bprewit/Google%20Drive/music/Music/Emmylou%20Harris/Luxury%20Liner/02%20Pancho%20&#38;%20Lefty.mp3',4689640,'file:///Users/bprewit/Google%20Drive/music/Music/Emmylou%20Harris/Luxury%20Liner/02%20Pancho%20&#38;%20Lefty.mp3','1977',NULL,9);
INSERT INTO `songs` (`song_id`, `title`, `artist_id`, `album_id`, `genre_id`, `track`, `duration`, `seconds`, `lyrics`, `comment`, `bitrate`, `samplerate`, `fileformat`, `channels`, `tagtypes`, `filename`, `filesize`, `filepath`, `year`, `uber_rating`, `uber_playcount`) VALUES (4,'Please Come To Boston',4,4,4,2,NULL,281182,'',NULL,256,44100,'',NULL,NULL,'file:///Users/bprewit/Google%20Drive/music/Music/Reba%20McEntire/Starting%20Over/02%20Please%20Come%20To%20Boston.mp3',9054673,'file:///Users/bprewit/Google%20Drive/music/Music/Reba%20McEntire/Starting%20Over/02%20Please%20Come%20To%20Boston.mp3','1995',NULL,5);
INSERT INTO `songs` (`song_id`, `title`, `artist_id`, `album_id`, `genre_id`, `track`, `duration`, `seconds`, `lyrics`, `comment`, `bitrate`, `samplerate`, `fileformat`, `channels`, `tagtypes`, `filename`, `filesize`, `filepath`, `year`, `uber_rating`, `uber_playcount`) VALUES (5,'Rich Man\'s War',5,5,5,3,NULL,205792,'',NULL,128,44100,'',NULL,NULL,'file:///Users/bprewit/Google%20Drive/music/Music/Steve%20Earle/The%20Revolution%20Starts%20Now/03%20Rich%20Man\'s%20War.mp3',3297419,'file:///Users/bprewit/Google%20Drive/music/Music/Steve%20Earle/The%20Revolution%20Starts%20Now/03%20Rich%20Man\'s%20War.mp3','2004',NULL,3);
INSERT INTO `songs` (`song_id`, `title`, `artist_id`, `album_id`, `genre_id`, `track`, `duration`, `seconds`, `lyrics`, `comment`, `bitrate`, `samplerate`, `fileformat`, `channels`, `tagtypes`, `filename`, `filesize`, `filepath`, `year`, `uber_rating`, `uber_playcount`) VALUES (6,'Son of a Son of a Sailor',6,6,1,3,NULL,204146,'',NULL,128,44100,'',NULL,NULL,'file:///Users/bprewit/Google%20Drive/music/Music/Jimmy%20Buffett/Biloxi/03%20Son%20of%20a%20Son%20of%20a%20Sailor.mp3',3270872,'file:///Users/bprewit/Google%20Drive/music/Music/Jimmy%20Buffett/Biloxi/03%20Son%20of%20a%20Son%20of%20a%20Sailor.mp3','1998',NULL,6);
INSERT INTO `songs` (`song_id`, `title`, `artist_id`, `album_id`, `genre_id`, `track`, `duration`, `seconds`, `lyrics`, `comment`, `bitrate`, `samplerate`, `fileformat`, `channels`, `tagtypes`, `filename`, `filesize`, `filepath`, `year`, `uber_rating`, `uber_playcount`) VALUES (7,'Wheel in the Sky',7,7,1,3,NULL,252395,'',NULL,128,44100,'',NULL,NULL,'file:///Users/bprewit/Google%20Drive/music/Music/Journey/Greatest%20Hits/03%20Wheel%20in%20the%20Sky.mp3',4042545,'file:///Users/bprewit/Google%20Drive/music/Music/Journey/Greatest%20Hits/03%20Wheel%20in%20the%20Sky.mp3','1988',NULL,16);
INSERT INTO `songs` (`song_id`, `title`, `artist_id`, `album_id`, `genre_id`, `track`, `duration`, `seconds`, `lyrics`, `comment`, `bitrate`, `samplerate`, `fileformat`, `channels`, `tagtypes`, `filename`, `filesize`, `filepath`, `year`, `uber_rating`, `uber_playcount`) VALUES (8,'It\'s a Great Day to Be Alive',8,8,4,4,NULL,218279,'',NULL,96,44100,'',NULL,NULL,'file:///Users/bprewit/Google%20Drive/music/Music/Travis%20Tritt/Down%20the%20Road%20I%20Go/04%20It\'s%20a%20Great%20Day%20to%20Be%20Alive.mp3',2621568,'file:///Users/bprewit/Google%20Drive/music/Music/Travis%20Tritt/Down%20the%20Road%20I%20Go/04%20It\'s%20a%20Great%20Day%20to%20Be%20Alive.mp3','2000',NULL,4);
INSERT INTO `songs` (`song_id`, `title`, `artist_id`, `album_id`, `genre_id`, `track`, `duration`, `seconds`, `lyrics`, `comment`, `bitrate`, `samplerate`, `fileformat`, `channels`, `tagtypes`, `filename`, `filesize`, `filepath`, `year`, `uber_rating`, `uber_playcount`) VALUES (9,'Mercenary Song',5,9,6,4,NULL,160235,'',NULL,320,44100,'',NULL,NULL,'file:///Users/bprewit/Google%20Drive/music/Music/Steve%20Earle/Train%20a%20Comin\'/04%20Mercenary%20Song.mp3',6411580,'file:///Users/bprewit/Google%20Drive/music/Music/Steve%20Earle/Train%20a%20Comin\'/04%20Mercenary%20Song.mp3','1995',NULL,5);
INSERT INTO `songs` (`song_id`, `title`, `artist_id`, `album_id`, `genre_id`, `track`, `duration`, `seconds`, `lyrics`, `comment`, `bitrate`, `samplerate`, `fileformat`, `channels`, `tagtypes`, `filename`, `filesize`, `filepath`, `year`, `uber_rating`, `uber_playcount`) VALUES (10,'Miracles Out of Nowhere',9,10,1,4,NULL,387918,'',NULL,128,44100,'',NULL,NULL,'file:///Users/bprewit/Google%20Drive/music/Music/Kansas/Leftoverture/04%20Miracles%20Out%20of%20Nowhere.mp3',6241638,'file:///Users/bprewit/Google%20Drive/music/Music/Kansas/Leftoverture/04%20Miracles%20Out%20of%20Nowhere.mp3','1976',NULL,6);
INSERT INTO `songs` (`song_id`, `title`, `artist_id`, `album_id`, `genre_id`, `track`, `duration`, `seconds`, `lyrics`, `comment`, `bitrate`, `samplerate`, `fileformat`, `channels`, `tagtypes`, `filename`, `filesize`, `filepath`, `year`, `uber_rating`, `uber_playcount`) VALUES (11,'Wolf Creek Pass',10,11,4,4,NULL,236591,'',NULL,128,44100,'',NULL,NULL,'file:///Users/bprewit/Google%20Drive/music/Music/C.W.%20McCall/Best%20of%20C.W.%20McCall/04%20Wolf%20Creek%20Pass.mp3',3789921,'file:///Users/bprewit/Google%20Drive/music/Music/C.W.%20McCall/Best%20of%20C.W.%20McCall/04%20Wolf%20Creek%20Pass.mp3','1998',NULL,6);
INSERT INTO `songs` (`song_id`, `title`, `artist_id`, `album_id`, `genre_id`, `track`, `duration`, `seconds`, `lyrics`, `comment`, `bitrate`, `samplerate`, `fileformat`, `channels`, `tagtypes`, `filename`, `filesize`, `filepath`, `year`, `uber_rating`, `uber_playcount`) VALUES (12,'If That Ain\'t Country',11,12,4,5,NULL,293799,'',NULL,128,44100,'',NULL,NULL,'file:///Users/bprewit/Google%20Drive/music/Music/David%20Allan%20Coe/For%20the%20Record_%20The%20First%2010%20Years/05%20If%20That%20Ain\'t%20Country.mp3',4705010,'file:///Users/bprewit/Google%20Drive/music/Music/David%20Allan%20Coe/For%20the%20Record_%20The%20First%2010%20Years/05%20If%20That%20Ain\'t%20Country.mp3','1985',NULL,5);
INSERT INTO `songs` (`song_id`, `title`, `artist_id`, `album_id`, `genre_id`, `track`, `duration`, `seconds`, `lyrics`, `comment`, `bitrate`, `samplerate`, `fileformat`, `channels`, `tagtypes`, `filename`, `filesize`, `filepath`, `year`, `uber_rating`, `uber_playcount`) VALUES (13,'Midnight Christmas Eve',12,13,7,5,NULL,261407,'',NULL,256,44100,'',NULL,NULL,'file:///Users/bprewit/Google%20Drive/music/Music/Trans-Siberian%20Orchestra/The%20Christmas%20Attic/05%20Midnight%20Christmas%20Eve.mp3',8471209,'file:///Users/bprewit/Google%20Drive/music/Music/Trans-Siberian%20Orchestra/The%20Christmas%20Attic/05%20Midnight%20Christmas%20Eve.mp3','2006',NULL,1);
INSERT INTO `songs` (`song_id`, `title`, `artist_id`, `album_id`, `genre_id`, `track`, `duration`, `seconds`, `lyrics`, `comment`, `bitrate`, `samplerate`, `fileformat`, `channels`, `tagtypes`, `filename`, `filesize`, `filepath`, `year`, `uber_rating`, `uber_playcount`) VALUES (14,'Queen Of My Heart',13,14,4,5,NULL,228597,'',NULL,128,44100,'',NULL,NULL,'file:///Users/bprewit/Google%20Drive/music/Music/Hank%20Williams,%20Jr_/The%20Complete%20Hank%20Williams%20Jr/05%20Queen%20Of%20My%20Heart.mp3',3662296,'file:///Users/bprewit/Google%20Drive/music/Music/Hank%20Williams,%20Jr_/The%20Complete%20Hank%20Williams%20Jr/05%20Queen%20Of%20My%20Heart.mp3','1999',NULL,22);
INSERT INTO `songs` (`song_id`, `title`, `artist_id`, `album_id`, `genre_id`, `track`, `duration`, `seconds`, `lyrics`, `comment`, `bitrate`, `samplerate`, `fileformat`, `channels`, `tagtypes`, `filename`, `filesize`, `filepath`, `year`, `uber_rating`, `uber_playcount`) VALUES (15,'Uncle John\'s Band',14,15,1,5,NULL,286693,'',NULL,128,44100,'',NULL,NULL,'file:///Users/bprewit/Google%20Drive/music/Music/Grateful%20Dead/The%20Very%20Best%20of%20the%20Grateful%20Dead/05%20Uncle%20John\'s%20Band.mp3',4591326,'file:///Users/bprewit/Google%20Drive/music/Music/Grateful%20Dead/The%20Very%20Best%20of%20the%20Grateful%20Dead/05%20Uncle%20John\'s%20Band.mp3','2003',NULL,13);
INSERT INTO `songs` (`song_id`, `title`, `artist_id`, `album_id`, `genre_id`, `track`, `duration`, `seconds`, `lyrics`, `comment`, `bitrate`, `samplerate`, `fileformat`, `channels`, `tagtypes`, `filename`, `filesize`, `filepath`, `year`, `uber_rating`, `uber_playcount`) VALUES (16,'It\'s a Little Too Late',15,7,4,6,NULL,163604,'',NULL,128,44100,'',NULL,NULL,'file:///Users/bprewit/Google%20Drive/music/Music/Mark%20Chesnutt/Greatest%20Hits/06%20It\'s%20a%20Little%20Too%20Late.mp3',2619854,'file:///Users/bprewit/Google%20Drive/music/Music/Mark%20Chesnutt/Greatest%20Hits/06%20It\'s%20a%20Little%20Too%20Late.mp3','1998',NULL,2);
INSERT INTO `songs` (`song_id`, `title`, `artist_id`, `album_id`, `genre_id`, `track`, `duration`, `seconds`, `lyrics`, `comment`, `bitrate`, `samplerate`, `fileformat`, `channels`, `tagtypes`, `filename`, `filesize`, `filepath`, `year`, `uber_rating`, `uber_playcount`) VALUES (17,'Mountain Dew',16,16,3,6,NULL,117342,'',NULL,128,44100,'',NULL,NULL,'file:///Users/bprewit/Google%20Drive/music/Music/The%20Irish%20Rovers/Silver%20Anniversary/06%20Mountain%20Dew.mp3',1881986,'file:///Users/bprewit/Google%20Drive/music/Music/The%20Irish%20Rovers/Silver%20Anniversary/06%20Mountain%20Dew.mp3',NULL,NULL,3);
INSERT INTO `songs` (`song_id`, `title`, `artist_id`, `album_id`, `genre_id`, `track`, `duration`, `seconds`, `lyrics`, `comment`, `bitrate`, `samplerate`, `fileformat`, `channels`, `tagtypes`, `filename`, `filesize`, `filepath`, `year`, `uber_rating`, `uber_playcount`) VALUES (18,'Romeo and Juliet',1,1,1,6,NULL,355761,'',NULL,256,44100,'',NULL,NULL,'file:///Users/bprewit/Google%20Drive/music/Music/Dire%20Straits/Money%20for%20Nothing/06%20Romeo%20and%20Juliet.mp3',11388870,'file:///Users/bprewit/Google%20Drive/music/Music/Dire%20Straits/Money%20for%20Nothing/06%20Romeo%20and%20Juliet.mp3','1988',NULL,8);
INSERT INTO `songs` (`song_id`, `title`, `artist_id`, `album_id`, `genre_id`, `track`, `duration`, `seconds`, `lyrics`, `comment`, `bitrate`, `samplerate`, `fileformat`, `channels`, `tagtypes`, `filename`, `filesize`, `filepath`, `year`, `uber_rating`, `uber_playcount`) VALUES (19,'John Deere Green',17,17,4,7,NULL,272718,'',NULL,64,22050,'',NULL,NULL,'file:///Users/bprewit/Google%20Drive/music/Music/Joe%20Diffie/Honky%20Tonk%20Attitude/07%20John%20Deere%20Green.mp3',2183923,'file:///Users/bprewit/Google%20Drive/music/Music/Joe%20Diffie/Honky%20Tonk%20Attitude/07%20John%20Deere%20Green.mp3','1993',NULL,NULL);
INSERT INTO `songs` (`song_id`, `title`, `artist_id`, `album_id`, `genre_id`, `track`, `duration`, `seconds`, `lyrics`, `comment`, `bitrate`, `samplerate`, `fileformat`, `channels`, `tagtypes`, `filename`, `filesize`, `filepath`, `year`, `uber_rating`, `uber_playcount`) VALUES (20,'Loretta',5,18,8,7,NULL,194403,'',NULL,160,44100,'',NULL,NULL,'file:///Users/bprewit/Google%20Drive/music/Music/Steve%20Earle/Townes/07%20Loretta.mp3',4054975,'file:///Users/bprewit/Google%20Drive/music/Music/Steve%20Earle/Townes/07%20Loretta.mp3','2009',NULL,31);
INSERT INTO `songs` (`song_id`, `title`, `artist_id`, `album_id`, `genre_id`, `track`, `duration`, `seconds`, `lyrics`, `comment`, `bitrate`, `samplerate`, `fileformat`, `channels`, `tagtypes`, `filename`, `filesize`, `filepath`, `year`, `uber_rating`, `uber_playcount`) VALUES (21,'Monkey and the Engineer',14,19,1,7,NULL,157753,'',NULL,128,44100,'',NULL,NULL,'file:///Users/bprewit/Google%20Drive/music/Music/Grateful%20Dead/Reckoning/07%20Monkey%20and%20the%20Engineer.mp3',2526231,'file:///Users/bprewit/Google%20Drive/music/Music/Grateful%20Dead/Reckoning/07%20Monkey%20and%20the%20Engineer.mp3','1981',NULL,4);
INSERT INTO `songs` (`song_id`, `title`, `artist_id`, `album_id`, `genre_id`, `track`, `duration`, `seconds`, `lyrics`, `comment`, `bitrate`, `samplerate`, `fileformat`, `channels`, `tagtypes`, `filename`, `filesize`, `filepath`, `year`, `uber_rating`, `uber_playcount`) VALUES (22,'Jennifer Johnson and Me',18,20,9,8,NULL,201952,'',NULL,192,44100,'',NULL,NULL,'file:///Users/bprewit/Google%20Drive/music/Music/Robert%20Earl%20Keen,%20Jr_/West%20Textures/08%20Jennifer%20Johnson%20and%20Me.mp3',4844086,'file:///Users/bprewit/Google%20Drive/music/Music/Robert%20Earl%20Keen,%20Jr_/West%20Textures/08%20Jennifer%20Johnson%20and%20Me.mp3','1989',NULL,1);
INSERT INTO `songs` (`song_id`, `title`, `artist_id`, `album_id`, `genre_id`, `track`, `duration`, `seconds`, `lyrics`, `comment`, `bitrate`, `samplerate`, `fileformat`, `channels`, `tagtypes`, `filename`, `filesize`, `filepath`, `year`, `uber_rating`, `uber_playcount`) VALUES (23,'Amarillo by Morning',19,21,4,9,NULL,171859,'',NULL,64,22050,'',NULL,NULL,'file:///Users/bprewit/Google%20Drive/music/Music/George%20Strait/Strait%20from%20the%20Heart/09%20Amarillo%20by%20Morning.mp3',1377053,'file:///Users/bprewit/Google%20Drive/music/Music/George%20Strait/Strait%20from%20the%20Heart/09%20Amarillo%20by%20Morning.mp3','1982',NULL,4);
INSERT INTO `songs` (`song_id`, `title`, `artist_id`, `album_id`, `genre_id`, `track`, `duration`, `seconds`, `lyrics`, `comment`, `bitrate`, `samplerate`, `fileformat`, `channels`, `tagtypes`, `filename`, `filesize`, `filepath`, `year`, `uber_rating`, `uber_playcount`) VALUES (24,'I\'m Comin\' Home',18,22,9,9,NULL,229720,'',NULL,192,44100,'',NULL,NULL,'file:///Users/bprewit/Google%20Drive/music/Music/Robert%20Earl%20Keen,%20Jr_/Gringo%20Honeymoon/09%20I\'m%20Comin\'%20Home.mp3',5509524,'file:///Users/bprewit/Google%20Drive/music/Music/Robert%20Earl%20Keen,%20Jr_/Gringo%20Honeymoon/09%20I\'m%20Comin\'%20Home.mp3','1994',NULL,2);
INSERT INTO `songs` (`song_id`, `title`, `artist_id`, `album_id`, `genre_id`, `track`, `duration`, `seconds`, `lyrics`, `comment`, `bitrate`, `samplerate`, `fileformat`, `channels`, `tagtypes`, `filename`, `filesize`, `filepath`, `year`, `uber_rating`, `uber_playcount`) VALUES (25,'In the Air Tonight',20,23,1,9,NULL,395284,'',NULL,256,44100,'',NULL,NULL,'file:///Users/bprewit/Google%20Drive/music/Music/Phil%20Collins/Serious%20Hits...Live!/09%20In%20the%20Air%20Tonight.mp3',12639700,'file:///Users/bprewit/Google%20Drive/music/Music/Phil%20Collins/Serious%20Hits...Live!/09%20In%20the%20Air%20Tonight.mp3','1990',NULL,NULL);
INSERT INTO `songs` (`song_id`, `title`, `artist_id`, `album_id`, `genre_id`, `track`, `duration`, `seconds`, `lyrics`, `comment`, `bitrate`, `samplerate`, `fileformat`, `channels`, `tagtypes`, `filename`, `filesize`, `filepath`, `year`, `uber_rating`, `uber_playcount`) VALUES (26,'Some Girls Do',21,24,4,9,NULL,194011,'',NULL,256,44100,'',NULL,NULL,'file:///Users/bprewit/Google%20Drive/music/Music/Various%20Artists/Redneck%20Country%20%5BTime%20Life%5D%20Disc%202/09%20Some%20Girls%20Do.mp3',6206025,'file:///Users/bprewit/Google%20Drive/music/Music/Various%20Artists/Redneck%20Country%20%5BTime%20Life%5D%20Disc%202/09%20Some%20Girls%20Do.mp3','2006',NULL,2);
INSERT INTO `songs` (`song_id`, `title`, `artist_id`, `album_id`, `genre_id`, `track`, `duration`, `seconds`, `lyrics`, `comment`, `bitrate`, `samplerate`, `fileformat`, `channels`, `tagtypes`, `filename`, `filesize`, `filepath`, `year`, `uber_rating`, `uber_playcount`) VALUES (27,'Total Eclipse of the Heart',22,25,1,10,NULL,270471,'',NULL,128,44100,'',NULL,NULL,'file:///Users/bprewit/Google%20Drive/music/Music/Bonnie%20Tyler/The%20Very%20Best%20of%20Bonnie%20Tyler%20%5BCastle%5D/10%20Total%20Eclipse%20of%20the%20Heart.mp3',4336256,'file:///Users/bprewit/Google%20Drive/music/Music/Bonnie%20Tyler/The%20Very%20Best%20of%20Bonnie%20Tyler%20%5BCastle%5D/10%20Total%20Eclipse%20of%20the%20Heart.mp3','1996',NULL,10);
INSERT INTO `songs` (`song_id`, `title`, `artist_id`, `album_id`, `genre_id`, `track`, `duration`, `seconds`, `lyrics`, `comment`, `bitrate`, `samplerate`, `fileformat`, `channels`, `tagtypes`, `filename`, `filesize`, `filepath`, `year`, `uber_rating`, `uber_playcount`) VALUES (28,'If I Needed You',3,26,4,11,NULL,214308,'',NULL,128,44100,'',NULL,NULL,'file:///Users/bprewit/Google%20Drive/music/Music/Emmy%20Lou%20Harris/Duets/11%20If%20I%20Needed%20You.mp3',3430528,'file:///Users/bprewit/Google%20Drive/music/Music/Emmy%20Lou%20Harris/Duets/11%20If%20I%20Needed%20You.mp3','1990',NULL,10);
INSERT INTO `songs` (`song_id`, `title`, `artist_id`, `album_id`, `genre_id`, `track`, `duration`, `seconds`, `lyrics`, `comment`, `bitrate`, `samplerate`, `fileformat`, `channels`, `tagtypes`, `filename`, `filesize`, `filepath`, `year`, `uber_rating`, `uber_playcount`) VALUES (29,'Money for Nothing',1,1,1,11,NULL,245968,'',NULL,256,44100,'',NULL,NULL,'file:///Users/bprewit/Google%20Drive/music/Music/Dire%20Straits/Money%20for%20Nothing/11%20Money%20for%20Nothing.mp3',7866840,'file:///Users/bprewit/Google%20Drive/music/Music/Dire%20Straits/Money%20for%20Nothing/11%20Money%20for%20Nothing.mp3','1988',NULL,NULL);
INSERT INTO `songs` (`song_id`, `title`, `artist_id`, `album_id`, `genre_id`, `track`, `duration`, `seconds`, `lyrics`, `comment`, `bitrate`, `samplerate`, `fileformat`, `channels`, `tagtypes`, `filename`, `filesize`, `filepath`, `year`, `uber_rating`, `uber_playcount`) VALUES (30,'The MacDougal\'s Gathering [Piobaireachd]',23,27,9,12,NULL,233038,'',NULL,128,44100,'',NULL,NULL,'file:///Users/bprewit/Google%20Drive/music/Music/Angus%20MacColl%20&#38;%20Gordon%20Duncan/Piping%20Centre%20Recital%20Series,%20Vol.%204/12%20The%20MacDougal\'s%20Gathering%20%5BPiobaireachd%5D.mp3',3733496,'file:///Users/bprewit/Google%20Drive/music/Music/Angus%20MacColl%20&#38;%20Gordon%20Duncan/Piping%20Centre%20Recital%20Series,%20Vol.%204/12%20The%20MacDougal\'s%20Gathering%20%5BPiobaireachd%5D.mp3','1998',NULL,5);
INSERT INTO `songs` (`song_id`, `title`, `artist_id`, `album_id`, `genre_id`, `track`, `duration`, `seconds`, `lyrics`, `comment`, `bitrate`, `samplerate`, `fileformat`, `channels`, `tagtypes`, `filename`, `filesize`, `filepath`, `year`, `uber_rating`, `uber_playcount`) VALUES (31,'Too Much Time on My Hands',24,28,1,13,NULL,273162,'',NULL,192,44100,'',NULL,NULL,'file:///Users/bprewit/Google%20Drive/music/Music/Styx/Classics,%20Vol.%2015/13%20Too%20Much%20Time%20on%20My%20Hands.mp3',6550562,'file:///Users/bprewit/Google%20Drive/music/Music/Styx/Classics,%20Vol.%2015/13%20Too%20Much%20Time%20on%20My%20Hands.mp3','1987',NULL,NULL);
INSERT INTO `songs` (`song_id`, `title`, `artist_id`, `album_id`, `genre_id`, `track`, `duration`, `seconds`, `lyrics`, `comment`, `bitrate`, `samplerate`, `fileformat`, `channels`, `tagtypes`, `filename`, `filesize`, `filepath`, `year`, `uber_rating`, `uber_playcount`) VALUES (32,'Bonnie_Blue_Flag',25,29,10,NULL,NULL,89234,'',NULL,64,44100,'',NULL,NULL,'file:///Users/bprewit/Google%20Drive/music/Music/Unknown%20Artist/Unknown%20Album/Bonnie_Blue_Flag.mp3',724260,'file:///Users/bprewit/Google%20Drive/music/Music/Unknown%20Artist/Unknown%20Album/Bonnie_Blue_Flag.mp3',NULL,NULL,NULL);
INSERT INTO `songs` (`song_id`, `title`, `artist_id`, `album_id`, `genre_id`, `track`, `duration`, `seconds`, `lyrics`, `comment`, `bitrate`, `samplerate`, `fileformat`, `channels`, `tagtypes`, `filename`, `filesize`, `filepath`, `year`, `uber_rating`, `uber_playcount`) VALUES (33,'Janie\'s Got a Gun',26,30,1,6,NULL,328568,'',NULL,256,44100,'',NULL,NULL,'file:///Users/bprewit/Google%20Drive/music/Music/Aerosmith/Big%20Ones/06%20Janie\'s%20Got%20a%20Gun.mp3',10507110,'file:///Users/bprewit/Google%20Drive/music/Music/Aerosmith/Big%20Ones/06%20Janie\'s%20Got%20a%20Gun.mp3','1994',NULL,2);
INSERT INTO `songs` (`song_id`, `title`, `artist_id`, `album_id`, `genre_id`, `track`, `duration`, `seconds`, `lyrics`, `comment`, `bitrate`, `samplerate`, `fileformat`, `channels`, `tagtypes`, `filename`, `filesize`, `filepath`, `year`, `uber_rating`, `uber_playcount`) VALUES (34,'Roads To Moscow',27,29,10,NULL,NULL,478066,'',NULL,128,44100,'',NULL,NULL,'file:///Users/bprewit/Google%20Drive/music/Music/Al%20Stewart/Unknown%20Album/Roads%20To%20Moscow.mp3',7653295,'file:///Users/bprewit/Google%20Drive/music/Music/Al%20Stewart/Unknown%20Album/Roads%20To%20Moscow.mp3',NULL,NULL,8);
INSERT INTO `songs` (`song_id`, `title`, `artist_id`, `album_id`, `genre_id`, `track`, `duration`, `seconds`, `lyrics`, `comment`, `bitrate`, `samplerate`, `fileformat`, `channels`, `tagtypes`, `filename`, `filesize`, `filepath`, `year`, `uber_rating`, `uber_playcount`) VALUES (35,'Born Country',28,31,4,1,NULL,198896,'',NULL,128,44100,'',NULL,NULL,'file:///Users/bprewit/Google%20Drive/music/Music/Alabama/Born%20Country/01%20Born%20Country.mp3',3187561,'file:///Users/bprewit/Google%20Drive/music/Music/Alabama/Born%20Country/01%20Born%20Country.mp3','1997',NULL,4);
INSERT INTO `songs` (`song_id`, `title`, `artist_id`, `album_id`, `genre_id`, `track`, `duration`, `seconds`, `lyrics`, `comment`, `bitrate`, `samplerate`, `fileformat`, `channels`, `tagtypes`, `filename`, `filesize`, `filepath`, `year`, `uber_rating`, `uber_playcount`) VALUES (36,'Song of the South',28,32,4,8,NULL,190720,'',NULL,128,44100,'',NULL,NULL,'file:///Users/bprewit/Google%20Drive/music/Music/Alabama/Greatest%20Hits,%20Vol.%202/08%20Song%20of%20the%20South.mp3',3057812,'file:///Users/bprewit/Google%20Drive/music/Music/Alabama/Greatest%20Hits,%20Vol.%202/08%20Song%20of%20the%20South.mp3','1991',NULL,4);
INSERT INTO `songs` (`song_id`, `title`, `artist_id`, `album_id`, `genre_id`, `track`, `duration`, `seconds`, `lyrics`, `comment`, `bitrate`, `samplerate`, `fileformat`, `channels`, `tagtypes`, `filename`, `filesize`, `filepath`, `year`, `uber_rating`, `uber_playcount`) VALUES (37,'Da Turdy Point Buck',29,33,11,1,NULL,310308,'',NULL,320,44100,'',NULL,NULL,'file:///Users/bprewit/Google%20Drive/music/Music/Bananas%20At%20Large/Da%20Turdy%20Point%20Buck/01%20Da%20Turdy%20Point%20Buck.mp3',12556282,'file:///Users/bprewit/Google%20Drive/music/Music/Bananas%20At%20Large/Da%20Turdy%20Point%20Buck/01%20Da%20Turdy%20Point%20Buck.mp3',NULL,NULL,2);
INSERT INTO `songs` (`song_id`, `title`, `artist_id`, `album_id`, `genre_id`, `track`, `duration`, `seconds`, `lyrics`, `comment`, `bitrate`, `samplerate`, `fileformat`, `channels`, `tagtypes`, `filename`, `filesize`, `filepath`, `year`, `uber_rating`, `uber_playcount`) VALUES (38,'Da Farm News Report &#38; Vee Kom Froom Veeskonsin',29,33,11,6,NULL,1020160,'',NULL,320,44100,'',NULL,NULL,'file:///Users/bprewit/Google%20Drive/music/Music/Bananas%20At%20Large/Da%20Turdy%20Point%20Buck/06%20Da%20Farm%20News%20Report%20&#38;%20Vee%20Kom%20Froom%20Veeskonsin.mp3',40925992,'file:///Users/bprewit/Google%20Drive/music/Music/Bananas%20At%20Large/Da%20Turdy%20Point%20Buck/06%20Da%20Farm%20News%20Report%20&#38;%20Vee%20Kom%20Froom%20Veeskonsin.mp3',NULL,NULL,NULL);
INSERT INTO `songs` (`song_id`, `title`, `artist_id`, `album_id`, `genre_id`, `track`, `duration`, `seconds`, `lyrics`, `comment`, `bitrate`, `samplerate`, `fileformat`, `channels`, `tagtypes`, `filename`, `filesize`, `filepath`, `year`, `uber_rating`, `uber_playcount`) VALUES (39,'Da Turdy Pointer\'s Christmas',29,34,10,3,NULL,302393,'',NULL,320,44100,'',NULL,NULL,'file:///Users/bprewit/Google%20Drive/music/Music/Bananas%20At%20Large/Da%20Turdy%20Point%20Buck%20III%20-%20Da%20Turd%20Album/03%20Da%20Turdy%20Pointer\'s%20Christmas.mp3',12243633,'file:///Users/bprewit/Google%20Drive/music/Music/Bananas%20At%20Large/Da%20Turdy%20Point%20Buck%20III%20-%20Da%20Turd%20Album/03%20Da%20Turdy%20Pointer\'s%20Christmas.mp3',NULL,NULL,2);
INSERT INTO `songs` (`song_id`, `title`, `artist_id`, `album_id`, `genre_id`, `track`, `duration`, `seconds`, `lyrics`, `comment`, `bitrate`, `samplerate`, `fileformat`, `channels`, `tagtypes`, `filename`, `filesize`, `filepath`, `year`, `uber_rating`, `uber_playcount`) VALUES (40,'Turdy Pointer Polka',30,35,12,2,NULL,222667,'',NULL,192,44100,'',NULL,NULL,'file:///Users/bprewit/Google%20Drive/music/Music/Bananas%20at%20Large/Da%20Turdy%20Point%20Buck,%20Da%20Turd%20Album/02%20Turdy%20Pointer%20Polka.mp3',5340760,'file:///Users/bprewit/Google%20Drive/music/Music/Bananas%20at%20Large/Da%20Turdy%20Point%20Buck,%20Da%20Turd%20Album/02%20Turdy%20Pointer%20Polka.mp3','1999',NULL,NULL);
INSERT INTO `songs` (`song_id`, `title`, `artist_id`, `album_id`, `genre_id`, `track`, `duration`, `seconds`, `lyrics`, `comment`, `bitrate`, `samplerate`, `fileformat`, `channels`, `tagtypes`, `filename`, `filesize`, `filepath`, `year`, `uber_rating`, `uber_playcount`) VALUES (41,'Turdy Point Buck II (Da Sequel)',29,36,10,1,NULL,271777,'',NULL,320,44100,'',NULL,NULL,'file:///Users/bprewit/Google%20Drive/music/Music/Bananas%20At%20Large/Turdy%20Point%20Buck%20II%20Da%20Sequel/01%20Turdy%20Point%20Buck%20II%20(Da%20Sequel).mp3',11030365,'file:///Users/bprewit/Google%20Drive/music/Music/Bananas%20At%20Large/Turdy%20Point%20Buck%20II%20Da%20Sequel/01%20Turdy%20Point%20Buck%20II%20(Da%20Sequel).mp3',NULL,NULL,1);
INSERT INTO `songs` (`song_id`, `title`, `artist_id`, `album_id`, `genre_id`, `track`, `duration`, `seconds`, `lyrics`, `comment`, `bitrate`, `samplerate`, `fileformat`, `channels`, `tagtypes`, `filename`, `filesize`, `filepath`, `year`, `uber_rating`, `uber_playcount`) VALUES (42,'Da Turkey Song',29,36,10,3,NULL,247196,'',NULL,320,44100,'',NULL,NULL,'file:///Users/bprewit/Google%20Drive/music/Music/Bananas%20At%20Large/Turdy%20Point%20Buck%20II%20Da%20Sequel/03%20Da%20Turkey%20Song.mp3',10047927,'file:///Users/bprewit/Google%20Drive/music/Music/Bananas%20At%20Large/Turdy%20Point%20Buck%20II%20Da%20Sequel/03%20Da%20Turkey%20Song.mp3',NULL,NULL,2);
INSERT INTO `songs` (`song_id`, `title`, `artist_id`, `album_id`, `genre_id`, `track`, `duration`, `seconds`, `lyrics`, `comment`, `bitrate`, `samplerate`, `fileformat`, `channels`, `tagtypes`, `filename`, `filesize`, `filepath`, `year`, `uber_rating`, `uber_playcount`) VALUES (43,'Bear Fans in Wisconsin',29,36,10,4,NULL,218932,'',NULL,320,44100,'',NULL,NULL,'file:///Users/bprewit/Google%20Drive/music/Music/Bananas%20At%20Large/Turdy%20Point%20Buck%20II%20Da%20Sequel/04%20Bear%20Fans%20in%20Wisconsin.mp3',8918335,'file:///Users/bprewit/Google%20Drive/music/Music/Bananas%20At%20Large/Turdy%20Point%20Buck%20II%20Da%20Sequel/04%20Bear%20Fans%20in%20Wisconsin.mp3',NULL,NULL,1);
INSERT INTO `songs` (`song_id`, `title`, `artist_id`, `album_id`, `genre_id`, `track`, `duration`, `seconds`, `lyrics`, `comment`, `bitrate`, `samplerate`, `fileformat`, `channels`, `tagtypes`, `filename`, `filesize`, `filepath`, `year`, `uber_rating`, `uber_playcount`) VALUES (44,'Da Crazy Carcajou',29,36,10,10,NULL,984058,'',NULL,320,44100,'',NULL,NULL,'file:///Users/bprewit/Google%20Drive/music/Music/Bananas%20At%20Large/Turdy%20Point%20Buck%20II%20Da%20Sequel/10%20Da%20Crazy%20Carcajou.mp3',39497087,'file:///Users/bprewit/Google%20Drive/music/Music/Bananas%20At%20Large/Turdy%20Point%20Buck%20II%20Da%20Sequel/10%20Da%20Crazy%20Carcajou.mp3',NULL,NULL,NULL);
INSERT INTO `songs` (`song_id`, `title`, `artist_id`, `album_id`, `genre_id`, `track`, `duration`, `seconds`, `lyrics`, `comment`, `bitrate`, `samplerate`, `fileformat`, `channels`, `tagtypes`, `filename`, `filesize`, `filepath`, `year`, `uber_rating`, `uber_playcount`) VALUES (45,'Vilhelm Von Wolveranous',29,36,10,11,NULL,198008,'',NULL,320,44100,'',NULL,NULL,'file:///Users/bprewit/Google%20Drive/music/Music/Bananas%20At%20Large/Turdy%20Point%20Buck%20II%20Da%20Sequel/11%20Vilhelm%20Von%20Wolveranous.mp3',8082095,'file:///Users/bprewit/Google%20Drive/music/Music/Bananas%20At%20Large/Turdy%20Point%20Buck%20II%20Da%20Sequel/11%20Vilhelm%20Von%20Wolveranous.mp3',NULL,NULL,NULL);
INSERT INTO `songs` (`song_id`, `title`, `artist_id`, `album_id`, `genre_id`, `track`, `duration`, `seconds`, `lyrics`, `comment`, `bitrate`, `samplerate`, `fileformat`, `channels`, `tagtypes`, `filename`, `filesize`, `filepath`, `year`, `uber_rating`, `uber_playcount`) VALUES (46,'One Week',31,37,13,1,NULL,167000,'',NULL,128,44100,'',NULL,NULL,'file:///Users/bprewit/Google%20Drive/music/Music/Barenaked%20Ladies/Stunt/01%20One%20Week.mp3',2670582,'file:///Users/bprewit/Google%20Drive/music/Music/Barenaked%20Ladies/Stunt/01%20One%20Week.mp3','1998',NULL,15);
INSERT INTO `songs` (`song_id`, `title`, `artist_id`, `album_id`, `genre_id`, `track`, `duration`, `seconds`, `lyrics`, `comment`, `bitrate`, `samplerate`, `fileformat`, `channels`, `tagtypes`, `filename`, `filesize`, `filepath`, `year`, `uber_rating`, `uber_playcount`) VALUES (47,'Hook',32,38,1,14,NULL,290246,'',NULL,112,44100,'',NULL,NULL,'file:///Users/bprewit/Google%20Drive/music/Music/Blues%20Traveler/Travelogue_%20Blues%20Traveler%20Classics/14%20Hook.mp3',4068187,'file:///Users/bprewit/Google%20Drive/music/Music/Blues%20Traveler/Travelogue_%20Blues%20Traveler%20Classics/14%20Hook.mp3','2002',NULL,3);
INSERT INTO `songs` (`song_id`, `title`, `artist_id`, `album_id`, `genre_id`, `track`, `duration`, `seconds`, `lyrics`, `comment`, `bitrate`, `samplerate`, `fileformat`, `channels`, `tagtypes`, `filename`, `filesize`, `filepath`, `year`, `uber_rating`, `uber_playcount`) VALUES (48,'Run Around',32,29,3,NULL,NULL,279928,'',NULL,128,44100,'',NULL,NULL,'file:///Users/bprewit/Google%20Drive/music/Music/Blues%20Traveler/Unknown%20Album/Run%20Around.mp3',4483363,'file:///Users/bprewit/Google%20Drive/music/Music/Blues%20Traveler/Unknown%20Album/Run%20Around.mp3',NULL,NULL,14);
INSERT INTO `songs` (`song_id`, `title`, `artist_id`, `album_id`, `genre_id`, `track`, `duration`, `seconds`, `lyrics`, `comment`, `bitrate`, `samplerate`, `fileformat`, `channels`, `tagtypes`, `filename`, `filesize`, `filepath`, `year`, `uber_rating`, `uber_playcount`) VALUES (49,'GarryOwen',33,29,10,NULL,NULL,210651,'',NULL,128,44100,'',NULL,NULL,'file:///Users/bprewit/Google%20Drive/music/Music/Bobby%20Horton/Unknown%20Album/GarryOwen.mp3',3375027,'file:///Users/bprewit/Google%20Drive/music/Music/Bobby%20Horton/Unknown%20Album/GarryOwen.mp3',NULL,NULL,29);
INSERT INTO `songs` (`song_id`, `title`, `artist_id`, `album_id`, `genre_id`, `track`, `duration`, `seconds`, `lyrics`, `comment`, `bitrate`, `samplerate`, `fileformat`, `channels`, `tagtypes`, `filename`, `filesize`, `filepath`, `year`, `uber_rating`, `uber_playcount`) VALUES (50,'Bang a Drum',34,39,1,9,NULL,283951,'',NULL,256,44100,'',NULL,NULL,'file:///Users/bprewit/Google%20Drive/music/Music/Bon%20Jovi/Blaze%20of%20Glory/09%20Bang%20a%20Drum.mp3',9080930,'file:///Users/bprewit/Google%20Drive/music/Music/Bon%20Jovi/Blaze%20of%20Glory/09%20Bang%20a%20Drum.mp3','1990',NULL,5);
INSERT INTO `songs` (`song_id`, `title`, `artist_id`, `album_id`, `genre_id`, `track`, `duration`, `seconds`, `lyrics`, `comment`, `bitrate`, `samplerate`, `fileformat`, `channels`, `tagtypes`, `filename`, `filesize`, `filepath`, `year`, `uber_rating`, `uber_playcount`) VALUES (51,'Blinded By The Light',35,40,14,1,NULL,425038,'',NULL,128,44100,'',NULL,NULL,'file:///Users/bprewit/Google%20Drive/music/Music/Bruce%20Springsteen/Greetings%20from%20Asbury%20Park,%20N.J_/01%20Blinded%20By%20The%20Light.mp3',6789744,'file:///Users/bprewit/Google%20Drive/music/Music/Bruce%20Springsteen/Greetings%20from%20Asbury%20Park,%20N.J_/01%20Blinded%20By%20The%20Light.mp3','1973',NULL,4);
INSERT INTO `songs` (`song_id`, `title`, `artist_id`, `album_id`, `genre_id`, `track`, `duration`, `seconds`, `lyrics`, `comment`, `bitrate`, `samplerate`, `fileformat`, `channels`, `tagtypes`, `filename`, `filesize`, `filepath`, `year`, `uber_rating`, `uber_playcount`) VALUES (52,'The Drunk Scottsman Song',16,41,3,6,NULL,147173,'',NULL,128,44100,'',NULL,NULL,'file:///Users/bprewit/Google%20Drive/music/Music/Bryan%20Bowers/Home,%20Home%20on%20the%20Road/06%20The%20Drunk%20Scottsman%20Song.mp3',2357248,'file:///Users/bprewit/Google%20Drive/music/Music/Bryan%20Bowers/Home,%20Home%20on%20the%20Road/06%20The%20Drunk%20Scottsman%20Song.mp3','1982',NULL,3);
INSERT INTO `songs` (`song_id`, `title`, `artist_id`, `album_id`, `genre_id`, `track`, `duration`, `seconds`, `lyrics`, `comment`, `bitrate`, `samplerate`, `fileformat`, `channels`, `tagtypes`, `filename`, `filesize`, `filepath`, `year`, `uber_rating`, `uber_playcount`) VALUES (53,'Convoy',10,11,4,1,NULL,230191,'',NULL,128,44100,'',NULL,NULL,'file:///Users/bprewit/Google%20Drive/music/Music/C.W.%20McCall/Best%20of%20C.W.%20McCall/01%20Convoy.mp3',3679085,'file:///Users/bprewit/Google%20Drive/music/Music/C.W.%20McCall/Best%20of%20C.W.%20McCall/01%20Convoy.mp3','1998',NULL,10);
INSERT INTO `songs` (`song_id`, `title`, `artist_id`, `album_id`, `genre_id`, `track`, `duration`, `seconds`, `lyrics`, `comment`, `bitrate`, `samplerate`, `fileformat`, `channels`, `tagtypes`, `filename`, `filesize`, `filepath`, `year`, `uber_rating`, `uber_playcount`) VALUES (54,'Life Is a Highway',36,42,4,3,NULL,229355,'',NULL,160,44100,'',NULL,NULL,'file:///Users/bprewit/Google%20Drive/music/Music/Chris%20LeDoux/Anthology,%20Vol.%201/03%20Life%20Is%20a%20Highway.mp3',4594119,'file:///Users/bprewit/Google%20Drive/music/Music/Chris%20LeDoux/Anthology,%20Vol.%201/03%20Life%20Is%20a%20Highway.mp3','2005',NULL,1);
INSERT INTO `songs` (`song_id`, `title`, `artist_id`, `album_id`, `genre_id`, `track`, `duration`, `seconds`, `lyrics`, `comment`, `bitrate`, `samplerate`, `fileformat`, `channels`, `tagtypes`, `filename`, `filesize`, `filepath`, `year`, `uber_rating`, `uber_playcount`) VALUES (55,'The Rodeo Song',36,43,4,19,NULL,124107,'',NULL,160,44100,'',NULL,NULL,'file:///Users/bprewit/Google%20Drive/music/Music/Chris%20LeDoux/Live/19%20The%20Rodeo%20Song.mp3',2489449,'file:///Users/bprewit/Google%20Drive/music/Music/Chris%20LeDoux/Live/19%20The%20Rodeo%20Song.mp3','1997',NULL,12);
INSERT INTO `songs` (`song_id`, `title`, `artist_id`, `album_id`, `genre_id`, `track`, `duration`, `seconds`, `lyrics`, `comment`, `bitrate`, `samplerate`, `fileformat`, `channels`, `tagtypes`, `filename`, `filesize`, `filepath`, `year`, `uber_rating`, `uber_playcount`) VALUES (56,'Live Until I Die',37,44,4,10,NULL,172669,'',NULL,128,44100,'',NULL,NULL,'file:///Users/bprewit/Google%20Drive/music/Music/Clay%20Walker/Clay%20Walker/10%20Live%20Until%20I%20Die.mp3',2764886,'file:///Users/bprewit/Google%20Drive/music/Music/Clay%20Walker/Clay%20Walker/10%20Live%20Until%20I%20Die.mp3','1993',NULL,NULL);
INSERT INTO `songs` (`song_id`, `title`, `artist_id`, `album_id`, `genre_id`, `track`, `duration`, `seconds`, `lyrics`, `comment`, `bitrate`, `samplerate`, `fileformat`, `channels`, `tagtypes`, `filename`, `filesize`, `filepath`, `year`, `uber_rating`, `uber_playcount`) VALUES (57,'Nothin\' But the Taillights',38,32,4,2,NULL,234971,'',NULL,128,44100,'',NULL,NULL,'file:///Users/bprewit/Google%20Drive/music/Music/Clint%20Black/Greatest%20Hits,%20Vol.%202/02%20Nothin\'%20But%20the%20Taillights.mp3',3753054,'file:///Users/bprewit/Google%20Drive/music/Music/Clint%20Black/Greatest%20Hits,%20Vol.%202/02%20Nothin\'%20But%20the%20Taillights.mp3','2001',NULL,4);
INSERT INTO `songs` (`song_id`, `title`, `artist_id`, `album_id`, `genre_id`, `track`, `duration`, `seconds`, `lyrics`, `comment`, `bitrate`, `samplerate`, `fileformat`, `channels`, `tagtypes`, `filename`, `filesize`, `filepath`, `year`, `uber_rating`, `uber_playcount`) VALUES (58,'What If Jesus Comes Back Like That',39,45,4,7,NULL,187924,'',NULL,128,44100,'',NULL,NULL,'file:///Users/bprewit/Google%20Drive/music/Music/Collin%20Raye/I%20Think%20About%20You/07%20What%20If%20Jesus%20Comes%20Back%20Like%20That.mp3',3008974,'file:///Users/bprewit/Google%20Drive/music/Music/Collin%20Raye/I%20Think%20About%20You/07%20What%20If%20Jesus%20Comes%20Back%20Like%20That.mp3','1995',NULL,4);
INSERT INTO `songs` (`song_id`, `title`, `artist_id`, `album_id`, `genre_id`, `track`, `duration`, `seconds`, `lyrics`, `comment`, `bitrate`, `samplerate`, `fileformat`, `channels`, `tagtypes`, `filename`, `filesize`, `filepath`, `year`, `uber_rating`, `uber_playcount`) VALUES (59,'A Good Day To Run',40,46,4,1,NULL,188238,'',NULL,128,44100,'',NULL,NULL,'file:///Users/bprewit/Google%20Drive/music/Music/Darryl%20Worley/Hard%20Rain%20Don\'t%20Last/01%20A%20Good%20Day%20To%20Run.mp3',3016549,'file:///Users/bprewit/Google%20Drive/music/Music/Darryl%20Worley/Hard%20Rain%20Don\'t%20Last/01%20A%20Good%20Day%20To%20Run.mp3','2000',NULL,19);
INSERT INTO `songs` (`song_id`, `title`, `artist_id`, `album_id`, `genre_id`, `track`, `duration`, `seconds`, `lyrics`, `comment`, `bitrate`, `samplerate`, `fileformat`, `channels`, `tagtypes`, `filename`, `filesize`, `filepath`, `year`, `uber_rating`, `uber_playcount`) VALUES (60,'If That Ain\'t Country, Pt. 2',11,47,4,14,NULL,268120,'',NULL,128,44100,'',NULL,NULL,'file:///Users/bprewit/Google%20Drive/music/Music/David%20Allan%20Coe/Live_%20If%20That%20Ain\'t%20Country._/14%20If%20That%20Ain\'t%20Country,%20Pt.%202.MP3',4292494,'file:///Users/bprewit/Google%20Drive/music/Music/David%20Allan%20Coe/Live_%20If%20That%20Ain\'t%20Country._/14%20If%20That%20Ain\'t%20Country,%20Pt.%202.MP3','1997',NULL,2);
INSERT INTO `songs` (`song_id`, `title`, `artist_id`, `album_id`, `genre_id`, `track`, `duration`, `seconds`, `lyrics`, `comment`, `bitrate`, `samplerate`, `fileformat`, `channels`, `tagtypes`, `filename`, `filesize`, `filepath`, `year`, `uber_rating`, `uber_playcount`) VALUES (61,'Confederate Anthem',41,29,10,NULL,NULL,108408,'',NULL,64,44100,'',NULL,NULL,'file:///Users/bprewit/Google%20Drive/music/Music/David%20Allen%20Coe/Unknown%20Album/Confederate%20Anthem.mp3',873555,'file:///Users/bprewit/Google%20Drive/music/Music/David%20Allen%20Coe/Unknown%20Album/Confederate%20Anthem.mp3',NULL,NULL,4);
INSERT INTO `songs` (`song_id`, `title`, `artist_id`, `album_id`, `genre_id`, `track`, `duration`, `seconds`, `lyrics`, `comment`, `bitrate`, `samplerate`, `fileformat`, `channels`, `tagtypes`, `filename`, `filesize`, `filepath`, `year`, `uber_rating`, `uber_playcount`) VALUES (62,'Osama Bin Laden Song',41,29,10,NULL,NULL,120163,'',NULL,128,44100,'',NULL,NULL,'file:///Users/bprewit/Google%20Drive/music/Music/David%20Allen%20Coe/Unknown%20Album/Osama%20Bin%20Laden%20Song.mp3',1932913,'file:///Users/bprewit/Google%20Drive/music/Music/David%20Allen%20Coe/Unknown%20Album/Osama%20Bin%20Laden%20Song.mp3',NULL,NULL,15);
INSERT INTO `songs` (`song_id`, `title`, `artist_id`, `album_id`, `genre_id`, `track`, `duration`, `seconds`, `lyrics`, `comment`, `bitrate`, `samplerate`, `fileformat`, `channels`, `tagtypes`, `filename`, `filesize`, `filepath`, `year`, `uber_rating`, `uber_playcount`) VALUES (63,'Tunnel of Love',1,1,1,5,NULL,490814,'',NULL,256,44100,'',NULL,NULL,'file:///Users/bprewit/Google%20Drive/music/Music/Dire%20Straits/Money%20for%20Nothing/05%20Tunnel%20of%20Love.mp3',15693295,'file:///Users/bprewit/Google%20Drive/music/Music/Dire%20Straits/Money%20for%20Nothing/05%20Tunnel%20of%20Love.mp3','1988',NULL,8);
INSERT INTO `songs` (`song_id`, `title`, `artist_id`, `album_id`, `genre_id`, `track`, `duration`, `seconds`, `lyrics`, `comment`, `bitrate`, `samplerate`, `fileformat`, `channels`, `tagtypes`, `filename`, `filesize`, `filepath`, `year`, `uber_rating`, `uber_playcount`) VALUES (64,'Skateaway',42,48,1,6,NULL,376868,'',NULL,192,44100,'',NULL,NULL,'file:///Users/bprewit/Google%20Drive/music/Music/Dire%20Straits_Mark%20Knopfler/Private%20Investigations_%20The%20Best%20of%20Dire%20Straits%20&#38;%20Mark%20Knopfler%20Disc%201/06%20Skateaway.mp3',9049069,'file:///Users/bprewit/Google%20Drive/music/Music/Dire%20Straits_Mark%20Knopfler/Private%20Investigations_%20The%20Best%20of%20Dire%20Straits%20&#38;%20Mark%20Knopfler%20Disc%201/06%20Skateaway.mp3','2005',NULL,NULL);
INSERT INTO `songs` (`song_id`, `title`, `artist_id`, `album_id`, `genre_id`, `track`, `duration`, `seconds`, `lyrics`, `comment`, `bitrate`, `samplerate`, `fileformat`, `channels`, `tagtypes`, `filename`, `filesize`, `filepath`, `year`, `uber_rating`, `uber_playcount`) VALUES (65,'Traveling Soldier',43,49,4,3,NULL,343614,'',NULL,128,44100,'',NULL,NULL,'file:///Users/bprewit/Google%20Drive/music/Music/Dixie%20Chicks/Home/03%20Traveling%20Soldier.mp3',5500011,'file:///Users/bprewit/Google%20Drive/music/Music/Dixie%20Chicks/Home/03%20Traveling%20Soldier.mp3','2002',NULL,11);
INSERT INTO `songs` (`song_id`, `title`, `artist_id`, `album_id`, `genre_id`, `track`, `duration`, `seconds`, `lyrics`, `comment`, `bitrate`, `samplerate`, `fileformat`, `channels`, `tagtypes`, `filename`, `filesize`, `filepath`, `year`, `uber_rating`, `uber_playcount`) VALUES (66,'American Pie',44,50,1,1,NULL,514142,'',NULL,160,44100,'',NULL,NULL,'file:///Users/bprewit/Google%20Drive/music/Music/Don%20McLean/The%20Best%20of%20Don%20McLean%20%5BEMI%20%231%5D/01%20American%20Pie.mp3',10285101,'file:///Users/bprewit/Google%20Drive/music/Music/Don%20McLean/The%20Best%20of%20Don%20McLean%20%5BEMI%20%231%5D/01%20American%20Pie.mp3','1991',NULL,8);
INSERT INTO `songs` (`song_id`, `title`, `artist_id`, `album_id`, `genre_id`, `track`, `duration`, `seconds`, `lyrics`, `comment`, `bitrate`, `samplerate`, `fileformat`, `channels`, `tagtypes`, `filename`, `filesize`, `filepath`, `year`, `uber_rating`, `uber_playcount`) VALUES (67,'Take It Easy',45,7,14,1,NULL,211644,'',NULL,128,44100,'',NULL,NULL,'file:///Users/bprewit/Google%20Drive/music/Music/Eagles/Greatest%20Hits/01%20Take%20It%20Easy.mp3',3387392,'file:///Users/bprewit/Google%20Drive/music/Music/Eagles/Greatest%20Hits/01%20Take%20It%20Easy.mp3','1976',NULL,8);
INSERT INTO `songs` (`song_id`, `title`, `artist_id`, `album_id`, `genre_id`, `track`, `duration`, `seconds`, `lyrics`, `comment`, `bitrate`, `samplerate`, `fileformat`, `channels`, `tagtypes`, `filename`, `filesize`, `filepath`, `year`, `uber_rating`, `uber_playcount`) VALUES (68,'Tequila Sunrise',45,7,6,7,NULL,171990,'',NULL,192,44100,'',NULL,NULL,'file:///Users/bprewit/Google%20Drive/music/Music/Eagles/Greatest%20Hits/07%20Tequila%20Sunrise.mp3',4124077,'file:///Users/bprewit/Google%20Drive/music/Music/Eagles/Greatest%20Hits/07%20Tequila%20Sunrise.mp3','1985',NULL,4);
INSERT INTO `songs` (`song_id`, `title`, `artist_id`, `album_id`, `genre_id`, `track`, `duration`, `seconds`, `lyrics`, `comment`, `bitrate`, `samplerate`, `fileformat`, `channels`, `tagtypes`, `filename`, `filesize`, `filepath`, `year`, `uber_rating`, `uber_playcount`) VALUES (69,'Hotel California',46,51,1,6,NULL,431986,'',NULL,192,44100,'',NULL,NULL,'file:///Users/bprewit/Google%20Drive/music/Music/Eagles/Hell%20Freezes%20Over/06%20Hotel%20California.mp3',10356642,'file:///Users/bprewit/Google%20Drive/music/Music/Eagles/Hell%20Freezes%20Over/06%20Hotel%20California.mp3','1994',NULL,4);
INSERT INTO `songs` (`song_id`, `title`, `artist_id`, `album_id`, `genre_id`, `track`, `duration`, `seconds`, `lyrics`, `comment`, `bitrate`, `samplerate`, `fileformat`, `channels`, `tagtypes`, `filename`, `filesize`, `filepath`, `year`, `uber_rating`, `uber_playcount`) VALUES (70,'Peaceful Easy Feeling',46,52,1,12,NULL,252656,'',NULL,128,44100,'',NULL,NULL,'file:///Users/bprewit/Google%20Drive/music/Music/Eagles/The%20Very%20Best%20of%20the%20Eagles%20%5B2001%5D/12%20Peaceful%20Easy%20Feeling.mp3',4047488,'file:///Users/bprewit/Google%20Drive/music/Music/Eagles/The%20Very%20Best%20of%20the%20Eagles%20%5B2001%5D/12%20Peaceful%20Easy%20Feeling.mp3','2001',NULL,6);
INSERT INTO `songs` (`song_id`, `title`, `artist_id`, `album_id`, `genre_id`, `track`, `duration`, `seconds`, `lyrics`, `comment`, `bitrate`, `samplerate`, `fileformat`, `channels`, `tagtypes`, `filename`, `filesize`, `filepath`, `year`, `uber_rating`, `uber_playcount`) VALUES (71,'Do Ya',47,53,1,8,NULL,226847,'',NULL,128,44100,'',NULL,NULL,'file:///Users/bprewit/Google%20Drive/music/Music/Electric%20Light%20Orchestra/A%20New%20World%20Record/08%20Do%20Ya.mp3',3634293,'file:///Users/bprewit/Google%20Drive/music/Music/Electric%20Light%20Orchestra/A%20New%20World%20Record/08%20Do%20Ya.mp3','1976',NULL,15);
INSERT INTO `songs` (`song_id`, `title`, `artist_id`, `album_id`, `genre_id`, `track`, `duration`, `seconds`, `lyrics`, `comment`, `bitrate`, `samplerate`, `fileformat`, `channels`, `tagtypes`, `filename`, `filesize`, `filepath`, `year`, `uber_rating`, `uber_playcount`) VALUES (72,'Bound for South Australia',48,29,10,NULL,NULL,197825,'',NULL,64,22050,'',NULL,NULL,'file:///Users/bprewit/Google%20Drive/music/Music/Fisherman\'s%20Friends/Unknown%20Album/Bound%20for%20South%20Australia.mp3',1593116,'file:///Users/bprewit/Google%20Drive/music/Music/Fisherman\'s%20Friends/Unknown%20Album/Bound%20for%20South%20Australia.mp3',NULL,NULL,12);
INSERT INTO `songs` (`song_id`, `title`, `artist_id`, `album_id`, `genre_id`, `track`, `duration`, `seconds`, `lyrics`, `comment`, `bitrate`, `samplerate`, `fileformat`, `channels`, `tagtypes`, `filename`, `filesize`, `filepath`, `year`, `uber_rating`, `uber_playcount`) VALUES (73,'Tusk',49,54,1,11,NULL,210285,'',NULL,128,44100,'',NULL,NULL,'file:///Users/bprewit/Google%20Drive/music/Music/Fleetwood%20Mac/Greatest%20Hits%20%5BWarner%20Bros.%5D/11%20Tusk.mp3',3361074,'file:///Users/bprewit/Google%20Drive/music/Music/Fleetwood%20Mac/Greatest%20Hits%20%5BWarner%20Bros.%5D/11%20Tusk.mp3','1988',NULL,6);
INSERT INTO `songs` (`song_id`, `title`, `artist_id`, `album_id`, `genre_id`, `track`, `duration`, `seconds`, `lyrics`, `comment`, `bitrate`, `samplerate`, `fileformat`, `channels`, `tagtypes`, `filename`, `filesize`, `filepath`, `year`, `uber_rating`, `uber_playcount`) VALUES (74,'Never Going Back Again',49,55,1,3,NULL,134896,'',NULL,128,44100,'',NULL,NULL,'file:///Users/bprewit/Google%20Drive/music/Music/Fleetwood%20Mac/Rumours/03%20Never%20Going%20Back%20Again.mp3',2163200,'file:///Users/bprewit/Google%20Drive/music/Music/Fleetwood%20Mac/Rumours/03%20Never%20Going%20Back%20Again.mp3','1999',NULL,19);
INSERT INTO `songs` (`song_id`, `title`, `artist_id`, `album_id`, `genre_id`, `track`, `duration`, `seconds`, `lyrics`, `comment`, `bitrate`, `samplerate`, `fileformat`, `channels`, `tagtypes`, `filename`, `filesize`, `filepath`, `year`, `uber_rating`, `uber_playcount`) VALUES (75,'Landslide',49,29,10,NULL,NULL,268251,'',NULL,128,44100,'',NULL,NULL,'file:///Users/bprewit/Google%20Drive/music/Music/Fleetwood%20Mac/Unknown%20Album/Landslide.mp3',4296246,'file:///Users/bprewit/Google%20Drive/music/Music/Fleetwood%20Mac/Unknown%20Album/Landslide.mp3',NULL,NULL,8);
INSERT INTO `songs` (`song_id`, `title`, `artist_id`, `album_id`, `genre_id`, `track`, `duration`, `seconds`, `lyrics`, `comment`, `bitrate`, `samplerate`, `fileformat`, `channels`, `tagtypes`, `filename`, `filesize`, `filepath`, `year`, `uber_rating`, `uber_playcount`) VALUES (76,'Touch of Grey',14,15,1,2,NULL,348891,'',NULL,128,44100,'',NULL,NULL,'file:///Users/bprewit/Google%20Drive/music/Music/Grateful%20Dead/The%20Very%20Best%20of%20the%20Grateful%20Dead/02%20Touch%20of%20Grey.mp3',5586486,'file:///Users/bprewit/Google%20Drive/music/Music/Grateful%20Dead/The%20Very%20Best%20of%20the%20Grateful%20Dead/02%20Touch%20of%20Grey.mp3','2003',NULL,4);
INSERT INTO `songs` (`song_id`, `title`, `artist_id`, `album_id`, `genre_id`, `track`, `duration`, `seconds`, `lyrics`, `comment`, `bitrate`, `samplerate`, `fileformat`, `channels`, `tagtypes`, `filename`, `filesize`, `filepath`, `year`, `uber_rating`, `uber_playcount`) VALUES (77,'Friend of the Devil',14,15,1,6,NULL,201639,'',NULL,128,44100,'',NULL,NULL,'file:///Users/bprewit/Google%20Drive/music/Music/Grateful%20Dead/The%20Very%20Best%20of%20the%20Grateful%20Dead/06%20Friend%20of%20the%20Devil.mp3',3223270,'file:///Users/bprewit/Google%20Drive/music/Music/Grateful%20Dead/The%20Very%20Best%20of%20the%20Grateful%20Dead/06%20Friend%20of%20the%20Devil.mp3','2003',NULL,31);
INSERT INTO `songs` (`song_id`, `title`, `artist_id`, `album_id`, `genre_id`, `track`, `duration`, `seconds`, `lyrics`, `comment`, `bitrate`, `samplerate`, `fileformat`, `channels`, `tagtypes`, `filename`, `filesize`, `filepath`, `year`, `uber_rating`, `uber_playcount`) VALUES (78,'Sweet Child Of Mine',50,56,1,13,NULL,358556,'',NULL,160,44100,'',NULL,NULL,'file:///Users/bprewit/Google%20Drive/music/Music/Guns%20N\'%20Roses/Appetite%20for%20Destruction/13%20Sweet%20Child%20Of%20Mine.mp3',7173396,'file:///Users/bprewit/Google%20Drive/music/Music/Guns%20N\'%20Roses/Appetite%20for%20Destruction/13%20Sweet%20Child%20Of%20Mine.mp3','1987',NULL,2);
INSERT INTO `songs` (`song_id`, `title`, `artist_id`, `album_id`, `genre_id`, `track`, `duration`, `seconds`, `lyrics`, `comment`, `bitrate`, `samplerate`, `fileformat`, `channels`, `tagtypes`, `filename`, `filesize`, `filepath`, `year`, `uber_rating`, `uber_playcount`) VALUES (79,'Attitude Adjustment',13,57,4,8,NULL,175046,'',NULL,128,44100,'',NULL,NULL,'file:///Users/bprewit/Google%20Drive/music/Music/Hank%20Williams,%20Jr_/Greatest%20Hits,%20Vol.%202%20%5BPolyGram%5D/08%20Attitude%20Adjustment.mp3',2803211,'file:///Users/bprewit/Google%20Drive/music/Music/Hank%20Williams,%20Jr_/Greatest%20Hits,%20Vol.%202%20%5BPolyGram%5D/08%20Attitude%20Adjustment.mp3','1985',NULL,4);
INSERT INTO `songs` (`song_id`, `title`, `artist_id`, `album_id`, `genre_id`, `track`, `duration`, `seconds`, `lyrics`, `comment`, `bitrate`, `samplerate`, `fileformat`, `channels`, `tagtypes`, `filename`, `filesize`, `filepath`, `year`, `uber_rating`, `uber_playcount`) VALUES (80,'A Country Boy Can Survive',13,58,4,16,NULL,255294,'',NULL,128,44100,'',NULL,NULL,'file:///Users/bprewit/Google%20Drive/music/Music/Hank%20Williams,%20Jr_/Hank%20Live/16%20A%20Country%20Boy%20Can%20Survive.mp3',4095513,'file:///Users/bprewit/Google%20Drive/music/Music/Hank%20Williams,%20Jr_/Hank%20Live/16%20A%20Country%20Boy%20Can%20Survive.mp3','1986',NULL,4);
INSERT INTO `songs` (`song_id`, `title`, `artist_id`, `album_id`, `genre_id`, `track`, `duration`, `seconds`, `lyrics`, `comment`, `bitrate`, `samplerate`, `fileformat`, `channels`, `tagtypes`, `filename`, `filesize`, `filepath`, `year`, `uber_rating`, `uber_playcount`) VALUES (81,'Never Been Any Reason',51,59,1,1,NULL,312006,'',NULL,128,44100,'',NULL,NULL,'file:///Users/bprewit/Google%20Drive/music/Music/Head%20East/20th%20Century%20Masters%20-%20The%20Millennium%20Collection_%20The%20Best%20of%20Head%20East/01%20Never%20Been%20Any%20Reason.MP3',4996328,'file:///Users/bprewit/Google%20Drive/music/Music/Head%20East/20th%20Century%20Masters%20-%20The%20Millennium%20Collection_%20The%20Best%20of%20Head%20East/01%20Never%20Been%20Any%20Reason.MP3','2001',NULL,8);
INSERT INTO `songs` (`song_id`, `title`, `artist_id`, `album_id`, `genre_id`, `track`, `duration`, `seconds`, `lyrics`, `comment`, `bitrate`, `samplerate`, `fileformat`, `channels`, `tagtypes`, `filename`, `filesize`, `filepath`, `year`, `uber_rating`, `uber_playcount`) VALUES (82,'Waltzing Matilda',16,60,9,NULL,NULL,231888,'',NULL,160,44100,'',NULL,NULL,'file:///Users/bprewit/Google%20Drive/music/Music/Irish%20Rovers/The%20Irish%20Rovers%20Party%20Pack/Waltzing%20Matilda.mp3',4637992,'file:///Users/bprewit/Google%20Drive/music/Music/Irish%20Rovers/The%20Irish%20Rovers%20Party%20Pack/Waltzing%20Matilda.mp3','2000',NULL,22);
INSERT INTO `songs` (`song_id`, `title`, `artist_id`, `album_id`, `genre_id`, `track`, `duration`, `seconds`, `lyrics`, `comment`, `bitrate`, `samplerate`, `fileformat`, `channels`, `tagtypes`, `filename`, `filesize`, `filepath`, `year`, `uber_rating`, `uber_playcount`) VALUES (83,'Newfie Up She Rises',16,29,15,NULL,NULL,204355,'',NULL,96,44100,'',NULL,NULL,'file:///Users/bprewit/Google%20Drive/music/Music/Irish%20Rovers/Unknown%20Album/Newfie%20Up%20She%20Rises.mp3',2463836,'file:///Users/bprewit/Google%20Drive/music/Music/Irish%20Rovers/Unknown%20Album/Newfie%20Up%20She%20Rises.mp3',NULL,NULL,12);
INSERT INTO `songs` (`song_id`, `title`, `artist_id`, `album_id`, `genre_id`, `track`, `duration`, `seconds`, `lyrics`, `comment`, `bitrate`, `samplerate`, `fileformat`, `channels`, `tagtypes`, `filename`, `filesize`, `filepath`, `year`, `uber_rating`, `uber_playcount`) VALUES (84,'Caroline',52,61,1,18,NULL,451944,'',NULL,128,44100,'',NULL,NULL,'file:///Users/bprewit/Google%20Drive/music/Music/Jefferson%20Starship/Hits%20(CD%201)/18%20Caroline.mp3',7236104,'file:///Users/bprewit/Google%20Drive/music/Music/Jefferson%20Starship/Hits%20(CD%201)/18%20Caroline.mp3','1979',NULL,19);
INSERT INTO `songs` (`song_id`, `title`, `artist_id`, `album_id`, `genre_id`, `track`, `duration`, `seconds`, `lyrics`, `comment`, `bitrate`, `samplerate`, `fileformat`, `channels`, `tagtypes`, `filename`, `filesize`, `filepath`, `year`, `uber_rating`, `uber_playcount`) VALUES (85,'L.A. Freeway',53,62,4,1,NULL,293877,'',NULL,256,44100,'',NULL,NULL,'file:///Users/bprewit/Google%20Drive/music/Music/Jerry%20Jeff%20Walker/The%20Best%20Of%20Jerry%20Jeff%20Walker/01%20L.A.%20Freeway.mp3',9581524,'file:///Users/bprewit/Google%20Drive/music/Music/Jerry%20Jeff%20Walker/The%20Best%20Of%20Jerry%20Jeff%20Walker/01%20L.A.%20Freeway.mp3','1997',NULL,15);
INSERT INTO `songs` (`song_id`, `title`, `artist_id`, `album_id`, `genre_id`, `track`, `duration`, `seconds`, `lyrics`, `comment`, `bitrate`, `samplerate`, `fileformat`, `channels`, `tagtypes`, `filename`, `filesize`, `filepath`, `year`, `uber_rating`, `uber_playcount`) VALUES (86,'Come Monday',6,63,9,7,NULL,191529,'',NULL,128,44100,'',NULL,NULL,'file:///Users/bprewit/Google%20Drive/music/Music/Jimmy%20Buffett/Songs%20You%20Know%20by%20Heart/07%20Come%20Monday.mp3',3068700,'file:///Users/bprewit/Google%20Drive/music/Music/Jimmy%20Buffett/Songs%20You%20Know%20by%20Heart/07%20Come%20Monday.mp3','1985',NULL,4);
INSERT INTO `songs` (`song_id`, `title`, `artist_id`, `album_id`, `genre_id`, `track`, `duration`, `seconds`, `lyrics`, `comment`, `bitrate`, `samplerate`, `fileformat`, `channels`, `tagtypes`, `filename`, `filesize`, `filepath`, `year`, `uber_rating`, `uber_playcount`) VALUES (87,'Changes in Latitudes, Changes in Attitudes',6,63,9,8,NULL,197433,'',NULL,128,44100,'',NULL,NULL,'file:///Users/bprewit/Google%20Drive/music/Music/Jimmy%20Buffett/Songs%20You%20Know%20by%20Heart/08%20Changes%20in%20Latitudes,%20Changes%20in%20Attitudes.mp3',3156198,'file:///Users/bprewit/Google%20Drive/music/Music/Jimmy%20Buffett/Songs%20You%20Know%20by%20Heart/08%20Changes%20in%20Latitudes,%20Changes%20in%20Attitudes.mp3','1985',NULL,2);
INSERT INTO `songs` (`song_id`, `title`, `artist_id`, `album_id`, `genre_id`, `track`, `duration`, `seconds`, `lyrics`, `comment`, `bitrate`, `samplerate`, `fileformat`, `channels`, `tagtypes`, `filename`, `filesize`, `filepath`, `year`, `uber_rating`, `uber_playcount`) VALUES (88,'Volcano',6,63,9,13,NULL,220891,'',NULL,160,44100,'',NULL,NULL,'file:///Users/bprewit/Google%20Drive/music/Music/Jimmy%20Buffett/Songs%20You%20Know%20by%20Heart/13%20Volcano.mp3',4420088,'file:///Users/bprewit/Google%20Drive/music/Music/Jimmy%20Buffett/Songs%20You%20Know%20by%20Heart/13%20Volcano.mp3','1985',NULL,6);
INSERT INTO `songs` (`song_id`, `title`, `artist_id`, `album_id`, `genre_id`, `track`, `duration`, `seconds`, `lyrics`, `comment`, `bitrate`, `samplerate`, `fileformat`, `channels`, `tagtypes`, `filename`, `filesize`, `filepath`, `year`, `uber_rating`, `uber_playcount`) VALUES (89,'Heads Carolina, Tails California',54,7,4,3,NULL,207699,'',NULL,128,44100,'',NULL,NULL,'file:///Users/bprewit/Google%20Drive/music/Music/Jo%20Dee%20Messina/Greatest%20Hits/03%20Heads%20Carolina,%20Tails%20California.mp3',3317888,'file:///Users/bprewit/Google%20Drive/music/Music/Jo%20Dee%20Messina/Greatest%20Hits/03%20Heads%20Carolina,%20Tails%20California.mp3','2003',NULL,11);
INSERT INTO `songs` (`song_id`, `title`, `artist_id`, `album_id`, `genre_id`, `track`, `duration`, `seconds`, `lyrics`, `comment`, `bitrate`, `samplerate`, `fileformat`, `channels`, `tagtypes`, `filename`, `filesize`, `filepath`, `year`, `uber_rating`, `uber_playcount`) VALUES (90,'Sold (The Grundy County Auction Incident)',55,7,4,1,NULL,152320,'',NULL,64,22050,'',NULL,NULL,'file:///Users/bprewit/Google%20Drive/music/Music/John%20Michael%20Montgomery/Greatest%20Hits/01%20Sold%20(The%20Grundy%20County%20Auction%20Incident).mp3',1220736,'file:///Users/bprewit/Google%20Drive/music/Music/John%20Michael%20Montgomery/Greatest%20Hits/01%20Sold%20(The%20Grundy%20County%20Auction%20Incident).mp3','1997',NULL,4);
INSERT INTO `songs` (`song_id`, `title`, `artist_id`, `album_id`, `genre_id`, `track`, `duration`, `seconds`, `lyrics`, `comment`, `bitrate`, `samplerate`, `fileformat`, `channels`, `tagtypes`, `filename`, `filesize`, `filepath`, `year`, `uber_rating`, `uber_playcount`) VALUES (91,'Life\'s a Dance',55,7,4,14,NULL,190093,'',NULL,64,22050,'',NULL,NULL,'file:///Users/bprewit/Google%20Drive/music/Music/John%20Michael%20Montgomery/Greatest%20Hits/14%20Life\'s%20a%20Dance.mp3',1522920,'file:///Users/bprewit/Google%20Drive/music/Music/John%20Michael%20Montgomery/Greatest%20Hits/14%20Life\'s%20a%20Dance.mp3','1997',NULL,6);
INSERT INTO `songs` (`song_id`, `title`, `artist_id`, `album_id`, `genre_id`, `track`, `duration`, `seconds`, `lyrics`, `comment`, `bitrate`, `samplerate`, `fileformat`, `channels`, `tagtypes`, `filename`, `filesize`, `filepath`, `year`, `uber_rating`, `uber_playcount`) VALUES (92,'Sink The Bismark',56,64,4,9,NULL,203075,'',NULL,128,44100,'',NULL,NULL,'file:///Users/bprewit/Google%20Drive/music/Music/Johnny%20Horton/Johnny%20Horton_%20Live%20at%20the%20Louisiana%20Hayride/09%20Sink%20The%20Bismark.mp3',3245949,'file:///Users/bprewit/Google%20Drive/music/Music/Johnny%20Horton/Johnny%20Horton_%20Live%20at%20the%20Louisiana%20Hayride/09%20Sink%20The%20Bismark.mp3','2006',NULL,NULL);
INSERT INTO `songs` (`song_id`, `title`, `artist_id`, `album_id`, `genre_id`, `track`, `duration`, `seconds`, `lyrics`, `comment`, `bitrate`, `samplerate`, `fileformat`, `channels`, `tagtypes`, `filename`, `filesize`, `filepath`, `year`, `uber_rating`, `uber_playcount`) VALUES (93,'Battle of New Orleans',56,65,4,4,NULL,152973,'',NULL,128,44100,'',NULL,NULL,'file:///Users/bprewit/Google%20Drive/music/Music/Johnny%20Horton/Smithsonian%20Classic%20Country/04%20Battle%20of%20New%20Orleans.mp3',2446656,'file:///Users/bprewit/Google%20Drive/music/Music/Johnny%20Horton/Smithsonian%20Classic%20Country/04%20Battle%20of%20New%20Orleans.mp3','1959',NULL,1);
INSERT INTO `songs` (`song_id`, `title`, `artist_id`, `album_id`, `genre_id`, `track`, `duration`, `seconds`, `lyrics`, `comment`, `bitrate`, `samplerate`, `fileformat`, `channels`, `tagtypes`, `filename`, `filesize`, `filepath`, `year`, `uber_rating`, `uber_playcount`) VALUES (94,'Carry On Wayward Son',9,10,1,1,NULL,321410,'',NULL,128,44100,'',NULL,NULL,'file:///Users/bprewit/Google%20Drive/music/Music/Kansas/Leftoverture/01%20Carry%20On%20Wayward%20Son.mp3',5147305,'file:///Users/bprewit/Google%20Drive/music/Music/Kansas/Leftoverture/01%20Carry%20On%20Wayward%20Son.mp3','1976',NULL,7);
INSERT INTO `songs` (`song_id`, `title`, `artist_id`, `album_id`, `genre_id`, `track`, `duration`, `seconds`, `lyrics`, `comment`, `bitrate`, `samplerate`, `fileformat`, `channels`, `tagtypes`, `filename`, `filesize`, `filepath`, `year`, `uber_rating`, `uber_playcount`) VALUES (95,'Dust in the Wind',9,66,1,4,NULL,206132,'',NULL,128,44100,'',NULL,NULL,'file:///Users/bprewit/Google%20Drive/music/Music/Kansas/The%20Best%20of%20Kansas%20%5B1999%5D/04%20Dust%20in%20the%20Wind.mp3',3302851,'file:///Users/bprewit/Google%20Drive/music/Music/Kansas/The%20Best%20of%20Kansas%20%5B1999%5D/04%20Dust%20in%20the%20Wind.mp3','1999',NULL,2);
INSERT INTO `songs` (`song_id`, `title`, `artist_id`, `album_id`, `genre_id`, `track`, `duration`, `seconds`, `lyrics`, `comment`, `bitrate`, `samplerate`, `fileformat`, `channels`, `tagtypes`, `filename`, `filesize`, `filepath`, `year`, `uber_rating`, `uber_playcount`) VALUES (96,'The Battle Of Evermore',57,67,1,3,NULL,351738,'',NULL,256,44100,'',NULL,NULL,'file:///Users/bprewit/Google%20Drive/music/Music/Led%20Zeppelin/Led%20Zeppelin%20IV/03%20The%20Battle%20Of%20Evermore.mp3',11576020,'file:///Users/bprewit/Google%20Drive/music/Music/Led%20Zeppelin/Led%20Zeppelin%20IV/03%20The%20Battle%20Of%20Evermore.mp3','1994',NULL,21);
INSERT INTO `songs` (`song_id`, `title`, `artist_id`, `album_id`, `genre_id`, `track`, `duration`, `seconds`, `lyrics`, `comment`, `bitrate`, `samplerate`, `fileformat`, `channels`, `tagtypes`, `filename`, `filesize`, `filepath`, `year`, `uber_rating`, `uber_playcount`) VALUES (97,'Stairway to Heaven',57,68,1,13,NULL,482306,'',NULL,256,44100,'',NULL,NULL,'file:///Users/bprewit/Google%20Drive/music/Music/Led%20Zeppelin/Mothership%20(Remastered)/13%20Stairway%20to%20Heaven.m4a',17195669,'file:///Users/bprewit/Google%20Drive/music/Music/Led%20Zeppelin/Mothership%20(Remastered)/13%20Stairway%20to%20Heaven.m4a','2007',NULL,7);
INSERT INTO `songs` (`song_id`, `title`, `artist_id`, `album_id`, `genre_id`, `track`, `duration`, `seconds`, `lyrics`, `comment`, `bitrate`, `samplerate`, `fileformat`, `channels`, `tagtypes`, `filename`, `filesize`, `filepath`, `year`, `uber_rating`, `uber_playcount`) VALUES (98,'Immigrant Song',57,69,16,1,NULL,145136,'',NULL,320,44100,'',NULL,NULL,'file:///Users/bprewit/Google%20Drive/music/Music/Led%20Zeppelin/The%20Complete%20Led%20Zeppelin/3-01%20Immigrant%20Song.mp3',5842977,'file:///Users/bprewit/Google%20Drive/music/Music/Led%20Zeppelin/The%20Complete%20Led%20Zeppelin/3-01%20Immigrant%20Song.mp3',NULL,NULL,4);
INSERT INTO `songs` (`song_id`, `title`, `artist_id`, `album_id`, `genre_id`, `track`, `duration`, `seconds`, `lyrics`, `comment`, `bitrate`, `samplerate`, `fileformat`, `channels`, `tagtypes`, `filename`, `filesize`, `filepath`, `year`, `uber_rating`, `uber_playcount`) VALUES (99,'Stay',58,29,7,NULL,NULL,183719,'',NULL,128,44100,'',NULL,NULL,'file:///Users/bprewit/Google%20Drive/music/Music/Lisa%20Loeb/Unknown%20Album/Stay.mp3',2939923,'file:///Users/bprewit/Google%20Drive/music/Music/Lisa%20Loeb/Unknown%20Album/Stay.mp3',NULL,NULL,6);
INSERT INTO `songs` (`song_id`, `title`, `artist_id`, `album_id`, `genre_id`, `track`, `duration`, `seconds`, `lyrics`, `comment`, `bitrate`, `samplerate`, `fileformat`, `channels`, `tagtypes`, `filename`, `filesize`, `filepath`, `year`, `uber_rating`, `uber_playcount`) VALUES (100,'Kiss Me Deadly',59,70,13,2,NULL,231915,'',NULL,128,44100,'',NULL,NULL,'file:///Users/bprewit/Google%20Drive/music/Music/Lita%20Ford/The%20Best%20of%20Lita%20Ford/02%20Kiss%20Me%20Deadly.mp3',3717177,'file:///Users/bprewit/Google%20Drive/music/Music/Lita%20Ford/The%20Best%20of%20Lita%20Ford/02%20Kiss%20Me%20Deadly.mp3','1992',NULL,4);
INSERT INTO `songs` (`song_id`, `title`, `artist_id`, `album_id`, `genre_id`, `track`, `duration`, `seconds`, `lyrics`, `comment`, `bitrate`, `samplerate`, `fileformat`, `channels`, `tagtypes`, `filename`, `filesize`, `filepath`, `year`, `uber_rating`, `uber_playcount`) VALUES (101,'Every Little Thing She Does',60,71,4,11,NULL,195004,'',NULL,128,44100,'',NULL,NULL,'file:///Users/bprewit/Google%20Drive/music/Music/Lonestar/I\'m%20Already%20there/11%20Every%20Little%20Thing%20She%20Does.mp3',3121152,'file:///Users/bprewit/Google%20Drive/music/Music/Lonestar/I\'m%20Already%20there/11%20Every%20Little%20Thing%20She%20Does.mp3','2001',NULL,2);
INSERT INTO `songs` (`song_id`, `title`, `artist_id`, `album_id`, `genre_id`, `track`, `duration`, `seconds`, `lyrics`, `comment`, `bitrate`, `samplerate`, `fileformat`, `channels`, `tagtypes`, `filename`, `filesize`, `filepath`, `year`, `uber_rating`, `uber_playcount`) VALUES (102,'Burning Bridges',61,72,7,10,NULL,165015,'',NULL,160,44100,'',NULL,NULL,'file:///Users/bprewit/Google%20Drive/music/Music/Miles%20Above/Move%20or%20Be%20Moved/10%20Burning%20Bridges.mp3',3302571,'file:///Users/bprewit/Google%20Drive/music/Music/Miles%20Above/Move%20or%20Be%20Moved/10%20Burning%20Bridges.mp3','2005',NULL,7);
INSERT INTO `songs` (`song_id`, `title`, `artist_id`, `album_id`, `genre_id`, `track`, `duration`, `seconds`, `lyrics`, `comment`, `bitrate`, `samplerate`, `fileformat`, `channels`, `tagtypes`, `filename`, `filesize`, `filepath`, `year`, `uber_rating`, `uber_playcount`) VALUES (103,'Because the Night',62,73,1,11,NULL,191686,'',NULL,160,44100,'',NULL,NULL,'file:///Users/bprewit/Google%20Drive/music/Music/Pat%20Benatar/Best%20Shots/11%20Because%20the%20Night.mp3',3835992,'file:///Users/bprewit/Google%20Drive/music/Music/Pat%20Benatar/Best%20Shots/11%20Because%20the%20Night.mp3','1978',NULL,28);
INSERT INTO `songs` (`song_id`, `title`, `artist_id`, `album_id`, `genre_id`, `track`, `duration`, `seconds`, `lyrics`, `comment`, `bitrate`, `samplerate`, `fileformat`, `channels`, `tagtypes`, `filename`, `filesize`, `filepath`, `year`, `uber_rating`, `uber_playcount`) VALUES (104,'The Boy in the Bubble',63,74,3,1,NULL,238184,'',NULL,128,44100,'',NULL,NULL,'file:///Users/bprewit/Google%20Drive/music/Music/Paul%20Simon/Graceland/01%20The%20Boy%20in%20the%20Bubble.mp3',3813120,'file:///Users/bprewit/Google%20Drive/music/Music/Paul%20Simon/Graceland/01%20The%20Boy%20in%20the%20Bubble.mp3','1986',NULL,7);
INSERT INTO `songs` (`song_id`, `title`, `artist_id`, `album_id`, `genre_id`, `track`, `duration`, `seconds`, `lyrics`, `comment`, `bitrate`, `samplerate`, `fileformat`, `channels`, `tagtypes`, `filename`, `filesize`, `filepath`, `year`, `uber_rating`, `uber_playcount`) VALUES (105,'Amy (Falling In And Out Of Lov',64,75,17,5,NULL,389616,'',NULL,128,44100,'',NULL,NULL,'file:///Users/bprewit/Google%20Drive/music/Music/Pure%20Prairie%20League/Bustin\'%20Out/05%20Amy%20(Falling%20In%20And%20Out%20Of%20Lov.mp3',6264960,'file:///Users/bprewit/Google%20Drive/music/Music/Pure%20Prairie%20League/Bustin\'%20Out/05%20Amy%20(Falling%20In%20And%20Out%20Of%20Lov.mp3','1972',NULL,15);
INSERT INTO `songs` (`song_id`, `title`, `artist_id`, `album_id`, `genre_id`, `track`, `duration`, `seconds`, `lyrics`, `comment`, `bitrate`, `samplerate`, `fileformat`, `channels`, `tagtypes`, `filename`, `filesize`, `filepath`, `year`, `uber_rating`, `uber_playcount`) VALUES (106,'Five Hundred Miles Away From Home',4,4,4,7,NULL,265900,'',NULL,256,44100,'',NULL,NULL,'file:///Users/bprewit/Google%20Drive/music/Music/Reba%20McEntire/Starting%20Over/07%20Five%20Hundred%20Miles%20Away%20From%20Home.mp3',8565677,'file:///Users/bprewit/Google%20Drive/music/Music/Reba%20McEntire/Starting%20Over/07%20Five%20Hundred%20Miles%20Away%20From%20Home.mp3','1995',NULL,12);
INSERT INTO `songs` (`song_id`, `title`, `artist_id`, `album_id`, `genre_id`, `track`, `duration`, `seconds`, `lyrics`, `comment`, `bitrate`, `samplerate`, `fileformat`, `channels`, `tagtypes`, `filename`, `filesize`, `filepath`, `year`, `uber_rating`, `uber_playcount`) VALUES (107,'The Rising of the Moon',65,29,3,NULL,NULL,207360,'',NULL,128,44100,'',NULL,NULL,'file:///Users/bprewit/Google%20Drive/music/Music/Rebel%20Songs/Unknown%20Album/The%20Rising%20of%20the%20Moon.mp3',3340416,'file:///Users/bprewit/Google%20Drive/music/Music/Rebel%20Songs/Unknown%20Album/The%20Rising%20of%20the%20Moon.mp3',NULL,NULL,13);
INSERT INTO `songs` (`song_id`, `title`, `artist_id`, `album_id`, `genre_id`, `track`, `duration`, `seconds`, `lyrics`, `comment`, `bitrate`, `samplerate`, `fileformat`, `channels`, `tagtypes`, `filename`, `filesize`, `filepath`, `year`, `uber_rating`, `uber_playcount`) VALUES (108,'Crazy Eddies Last Hurrah',66,76,18,11,NULL,182439,'',NULL,128,44100,'',NULL,NULL,'file:///Users/bprewit/Google%20Drive/music/Music/Reckless%20Kelly/The%20Day/11%20Crazy%20Eddies%20Last%20Hurrah.mp3',2923761,'file:///Users/bprewit/Google%20Drive/music/Music/Reckless%20Kelly/The%20Day/11%20Crazy%20Eddies%20Last%20Hurrah.mp3','2000',NULL,19);
INSERT INTO `songs` (`song_id`, `title`, `artist_id`, `album_id`, `genre_id`, `track`, `duration`, `seconds`, `lyrics`, `comment`, `bitrate`, `samplerate`, `fileformat`, `channels`, `tagtypes`, `filename`, `filesize`, `filepath`, `year`, `uber_rating`, `uber_playcount`) VALUES (109,'I\'m Going to Town',18,77,9,2,NULL,154409,'',NULL,192,44100,'',NULL,NULL,'file:///Users/bprewit/Google%20Drive/music/Music/Robert%20Earl%20Keen,%20Jr_/No.%202%20Live%20Dinner/02%20I\'m%20Going%20to%20Town.mp3',3704766,'file:///Users/bprewit/Google%20Drive/music/Music/Robert%20Earl%20Keen,%20Jr_/No.%202%20Live%20Dinner/02%20I\'m%20Going%20to%20Town.mp3','1996',NULL,2);
INSERT INTO `songs` (`song_id`, `title`, `artist_id`, `album_id`, `genre_id`, `track`, `duration`, `seconds`, `lyrics`, `comment`, `bitrate`, `samplerate`, `fileformat`, `channels`, `tagtypes`, `filename`, `filesize`, `filepath`, `year`, `uber_rating`, `uber_playcount`) VALUES (110,'The Road Goes on Forever',18,78,9,12,NULL,302968,'',NULL,128,44100,'',NULL,NULL,'file:///Users/bprewit/Google%20Drive/music/Music/Robert%20Earl%20Keen,%20Jr_/The%20Party%20Never%20Ends_%20Songs%20You%20Know%20from%20the%20Times%20You%20Can\'t%20Remember/12%20The%20Road%20Goes%20on%20Forever.mp3',4852227,'file:///Users/bprewit/Google%20Drive/music/Music/Robert%20Earl%20Keen,%20Jr_/The%20Party%20Never%20Ends_%20Songs%20You%20Know%20from%20the%20Times%20You%20Can\'t%20Remember/12%20The%20Road%20Goes%20on%20Forever.mp3','2003',NULL,16);
INSERT INTO `songs` (`song_id`, `title`, `artist_id`, `album_id`, `genre_id`, `track`, `duration`, `seconds`, `lyrics`, `comment`, `bitrate`, `samplerate`, `fileformat`, `channels`, `tagtypes`, `filename`, `filesize`, `filepath`, `year`, `uber_rating`, `uber_playcount`) VALUES (111,'Deep In The West',67,79,9,1,NULL,285335,'',NULL,96,44100,'',NULL,NULL,'file:///Users/bprewit/Google%20Drive/music/Music/Shake%20Russell%20Band/Collection-%20%20Deep%20in%20the%20West/01%20Deep%20In%20The%20West.mp3',3426304,'file:///Users/bprewit/Google%20Drive/music/Music/Shake%20Russell%20Band/Collection-%20%20Deep%20in%20the%20West/01%20Deep%20In%20The%20West.mp3',NULL,NULL,13);
INSERT INTO `songs` (`song_id`, `title`, `artist_id`, `album_id`, `genre_id`, `track`, `duration`, `seconds`, `lyrics`, `comment`, `bitrate`, `samplerate`, `fileformat`, `channels`, `tagtypes`, `filename`, `filesize`, `filepath`, `year`, `uber_rating`, `uber_playcount`) VALUES (112,'Everyday Is a Winding Road',68,80,1,8,NULL,251088,'',NULL,112,44100,'',NULL,NULL,'file:///Users/bprewit/Google%20Drive/music/Music/Sheryl%20Crow/Sheryl%20Crow/08%20Everyday%20Is%20a%20Winding%20Road.mp3',3519981,'file:///Users/bprewit/Google%20Drive/music/Music/Sheryl%20Crow/Sheryl%20Crow/08%20Everyday%20Is%20a%20Winding%20Road.mp3','1996',NULL,2);
INSERT INTO `songs` (`song_id`, `title`, `artist_id`, `album_id`, `genre_id`, `track`, `duration`, `seconds`, `lyrics`, `comment`, `bitrate`, `samplerate`, `fileformat`, `channels`, `tagtypes`, `filename`, `filesize`, `filepath`, `year`, `uber_rating`, `uber_playcount`) VALUES (113,'Copperhead Road',5,81,1,8,NULL,271412,'',NULL,195,44100,'',NULL,NULL,'file:///Users/bprewit/Google%20Drive/music/Music/Steve%20Earle/Essential%20Steve%20Earle/08%20Copperhead%20Road.mp3',6654272,'file:///Users/bprewit/Google%20Drive/music/Music/Steve%20Earle/Essential%20Steve%20Earle/08%20Copperhead%20Road.mp3','1999',NULL,37);
INSERT INTO `songs` (`song_id`, `title`, `artist_id`, `album_id`, `genre_id`, `track`, `duration`, `seconds`, `lyrics`, `comment`, `bitrate`, `samplerate`, `fileformat`, `channels`, `tagtypes`, `filename`, `filesize`, `filepath`, `year`, `uber_rating`, `uber_playcount`) VALUES (114,'Guitar Town',69,82,4,1,NULL,157805,'',NULL,128,44100,'',NULL,NULL,'file:///Users/bprewit/Google%20Drive/music/Music/Steve%20Earle/Guitar%20Town%20%5BBonus%20Track%5D/01%20Guitar%20Town.mp3',2529608,'file:///Users/bprewit/Google%20Drive/music/Music/Steve%20Earle/Guitar%20Town%20%5BBonus%20Track%5D/01%20Guitar%20Town.mp3','2002',NULL,26);
INSERT INTO `songs` (`song_id`, `title`, `artist_id`, `album_id`, `genre_id`, `track`, `duration`, `seconds`, `lyrics`, `comment`, `bitrate`, `samplerate`, `fileformat`, `channels`, `tagtypes`, `filename`, `filesize`, `filepath`, `year`, `uber_rating`, `uber_playcount`) VALUES (115,'Hard-Core Troubadour',5,83,3,2,NULL,161018,'',NULL,128,44100,'',NULL,NULL,'file:///Users/bprewit/Google%20Drive/music/Music/Steve%20Earle/I%20Feel%20Alright/02%20Hard-Core%20Troubadour.mp3',2575089,'file:///Users/bprewit/Google%20Drive/music/Music/Steve%20Earle/I%20Feel%20Alright/02%20Hard-Core%20Troubadour.mp3','1996',NULL,2);
INSERT INTO `songs` (`song_id`, `title`, `artist_id`, `album_id`, `genre_id`, `track`, `duration`, `seconds`, `lyrics`, `comment`, `bitrate`, `samplerate`, `fileformat`, `channels`, `tagtypes`, `filename`, `filesize`, `filepath`, `year`, `uber_rating`, `uber_playcount`) VALUES (116,'Dead Man Walking',5,84,3,8,NULL,281652,'',NULL,128,44100,'',NULL,NULL,'file:///Users/bprewit/Google%20Drive/music/Music/Steve%20Earle/Sidetracks/08%20Dead%20Man%20Walking.mp3',4511171,'file:///Users/bprewit/Google%20Drive/music/Music/Steve%20Earle/Sidetracks/08%20Dead%20Man%20Walking.mp3','2002',NULL,2);
INSERT INTO `songs` (`song_id`, `title`, `artist_id`, `album_id`, `genre_id`, `track`, `duration`, `seconds`, `lyrics`, `comment`, `bitrate`, `samplerate`, `fileformat`, `channels`, `tagtypes`, `filename`, `filesize`, `filepath`, `year`, `uber_rating`, `uber_playcount`) VALUES (117,'Pancho And Lefty',5,18,8,1,NULL,241946,'',NULL,160,44100,'',NULL,NULL,'file:///Users/bprewit/Google%20Drive/music/Music/Steve%20Earle/Townes/01%20Pancho%20And%20Lefty.mp3',5005849,'file:///Users/bprewit/Google%20Drive/music/Music/Steve%20Earle/Townes/01%20Pancho%20And%20Lefty.mp3','2009',NULL,6);
INSERT INTO `songs` (`song_id`, `title`, `artist_id`, `album_id`, `genre_id`, `track`, `duration`, `seconds`, `lyrics`, `comment`, `bitrate`, `samplerate`, `fileformat`, `channels`, `tagtypes`, `filename`, `filesize`, `filepath`, `year`, `uber_rating`, `uber_playcount`) VALUES (118,'Lungs',5,18,8,5,NULL,138997,'',NULL,160,44100,'',NULL,NULL,'file:///Users/bprewit/Google%20Drive/music/Music/Steve%20Earle/Townes/05%20Lungs.mp3',2946857,'file:///Users/bprewit/Google%20Drive/music/Music/Steve%20Earle/Townes/05%20Lungs.mp3','2009',NULL,2);
INSERT INTO `songs` (`song_id`, `title`, `artist_id`, `album_id`, `genre_id`, `track`, `duration`, `seconds`, `lyrics`, `comment`, `bitrate`, `samplerate`, `fileformat`, `channels`, `tagtypes`, `filename`, `filesize`, `filepath`, `year`, `uber_rating`, `uber_playcount`) VALUES (119,'Mr. Mudd and Mr. Gold',5,18,4,13,NULL,137952,'',NULL,248,44100,'',NULL,NULL,'file:///Users/bprewit/Google%20Drive/music/Music/Steve%20Earle/Townes/13%20Mr.%20Mudd%20and%20Mr.%20Gold.mp3',4407584,'file:///Users/bprewit/Google%20Drive/music/Music/Steve%20Earle/Townes/13%20Mr.%20Mudd%20and%20Mr.%20Gold.mp3','2009',NULL,15);
INSERT INTO `songs` (`song_id`, `title`, `artist_id`, `album_id`, `genre_id`, `track`, `duration`, `seconds`, `lyrics`, `comment`, `bitrate`, `samplerate`, `fileformat`, `channels`, `tagtypes`, `filename`, `filesize`, `filepath`, `year`, `uber_rating`, `uber_playcount`) VALUES (120,'Leather and Lace',70,85,3,8,NULL,236800,'',NULL,128,44100,'',NULL,NULL,'file:///Users/bprewit/Google%20Drive/music/Music/Stevie%20Nicks/Bella%20Donna/08%20Leather%20and%20Lace.mp3',3793104,'file:///Users/bprewit/Google%20Drive/music/Music/Stevie%20Nicks/Bella%20Donna/08%20Leather%20and%20Lace.mp3','1981',NULL,16);
INSERT INTO `songs` (`song_id`, `title`, `artist_id`, `album_id`, `genre_id`, `track`, `duration`, `seconds`, `lyrics`, `comment`, `bitrate`, `samplerate`, `fileformat`, `channels`, `tagtypes`, `filename`, `filesize`, `filepath`, `year`, `uber_rating`, `uber_playcount`) VALUES (121,'Come Sail Away',24,28,1,3,NULL,331859,'',NULL,192,44100,'',NULL,NULL,'file:///Users/bprewit/Google%20Drive/music/Music/Styx/Classics,%20Vol.%2015/03%20Come%20Sail%20Away.mp3',7969078,'file:///Users/bprewit/Google%20Drive/music/Music/Styx/Classics,%20Vol.%2015/03%20Come%20Sail%20Away.mp3','1987',NULL,NULL);
INSERT INTO `songs` (`song_id`, `title`, `artist_id`, `album_id`, `genre_id`, `track`, `duration`, `seconds`, `lyrics`, `comment`, `bitrate`, `samplerate`, `fileformat`, `channels`, `tagtypes`, `filename`, `filesize`, `filepath`, `year`, `uber_rating`, `uber_playcount`) VALUES (122,'Fooling Yourself (The Angry Young Man)',24,28,1,5,NULL,310569,'',NULL,192,44100,'',NULL,NULL,'file:///Users/bprewit/Google%20Drive/music/Music/Styx/Classics,%20Vol.%2015/05%20Fooling%20Yourself%20(The%20Angry%20Young%20Man).mp3',7446994,'file:///Users/bprewit/Google%20Drive/music/Music/Styx/Classics,%20Vol.%2015/05%20Fooling%20Yourself%20(The%20Angry%20Young%20Man).mp3','1987',NULL,2);
INSERT INTO `songs` (`song_id`, `title`, `artist_id`, `album_id`, `genre_id`, `track`, `duration`, `seconds`, `lyrics`, `comment`, `bitrate`, `samplerate`, `fileformat`, `channels`, `tagtypes`, `filename`, `filesize`, `filepath`, `year`, `uber_rating`, `uber_playcount`) VALUES (123,'Mr. Roboto',24,28,1,7,NULL,329639,'',NULL,192,44100,'',NULL,NULL,'file:///Users/bprewit/Google%20Drive/music/Music/Styx/Classics,%20Vol.%2015/07%20Mr.%20Roboto.mp3',7903974,'file:///Users/bprewit/Google%20Drive/music/Music/Styx/Classics,%20Vol.%2015/07%20Mr.%20Roboto.mp3','1987',NULL,1);
INSERT INTO `songs` (`song_id`, `title`, `artist_id`, `album_id`, `genre_id`, `track`, `duration`, `seconds`, `lyrics`, `comment`, `bitrate`, `samplerate`, `fileformat`, `channels`, `tagtypes`, `filename`, `filesize`, `filepath`, `year`, `uber_rating`, `uber_playcount`) VALUES (124,'The Best of Times',24,28,1,9,NULL,259866,'',NULL,192,44100,'',NULL,NULL,'file:///Users/bprewit/Google%20Drive/music/Music/Styx/Classics,%20Vol.%2015/09%20The%20Best%20of%20Times.mp3',6231928,'file:///Users/bprewit/Google%20Drive/music/Music/Styx/Classics,%20Vol.%2015/09%20The%20Best%20of%20Times.mp3','1987',NULL,NULL);
INSERT INTO `songs` (`song_id`, `title`, `artist_id`, `album_id`, `genre_id`, `track`, `duration`, `seconds`, `lyrics`, `comment`, `bitrate`, `samplerate`, `fileformat`, `channels`, `tagtypes`, `filename`, `filesize`, `filepath`, `year`, `uber_rating`, `uber_playcount`) VALUES (125,'The Grand Illusion',24,7,1,11,NULL,277524,'',NULL,128,44100,'',NULL,NULL,'file:///Users/bprewit/Google%20Drive/music/Music/Styx/Greatest%20Hits/11%20The%20Grand%20Illusion.mp3',4445424,'file:///Users/bprewit/Google%20Drive/music/Music/Styx/Greatest%20Hits/11%20The%20Grand%20Illusion.mp3','1995',NULL,NULL);
INSERT INTO `songs` (`song_id`, `title`, `artist_id`, `album_id`, `genre_id`, `track`, `duration`, `seconds`, `lyrics`, `comment`, `bitrate`, `samplerate`, `fileformat`, `channels`, `tagtypes`, `filename`, `filesize`, `filepath`, `year`, `uber_rating`, `uber_playcount`) VALUES (126,'Manic Monday',71,7,13,3,NULL,186148,'',NULL,256,44100,'',NULL,NULL,'file:///Users/bprewit/Google%20Drive/music/Music/The%20Bangles/Greatest%20Hits/03%20Manic%20Monday.mp3',5954690,'file:///Users/bprewit/Google%20Drive/music/Music/The%20Bangles/Greatest%20Hits/03%20Manic%20Monday.mp3','1990',NULL,NULL);
INSERT INTO `songs` (`song_id`, `title`, `artist_id`, `album_id`, `genre_id`, `track`, `duration`, `seconds`, `lyrics`, `comment`, `bitrate`, `samplerate`, `fileformat`, `channels`, `tagtypes`, `filename`, `filesize`, `filepath`, `year`, `uber_rating`, `uber_playcount`) VALUES (127,'The End [From Apocalypse Now]',72,86,14,12,NULL,391680,'',NULL,128,44100,'',NULL,NULL,'file:///Users/bprewit/Google%20Drive/music/Music/The%20Doors/Greatest%20Hits%20%5B%231%5D/12%20The%20End%20%5BFrom%20Apocalypse%20Now%5D.mp3',6269056,'file:///Users/bprewit/Google%20Drive/music/Music/The%20Doors/Greatest%20Hits%20%5B%231%5D/12%20The%20End%20%5BFrom%20Apocalypse%20Now%5D.mp3','1996',NULL,1);
INSERT INTO `songs` (`song_id`, `title`, `artist_id`, `album_id`, `genre_id`, `track`, `duration`, `seconds`, `lyrics`, `comment`, `bitrate`, `samplerate`, `fileformat`, `channels`, `tagtypes`, `filename`, `filesize`, `filepath`, `year`, `uber_rating`, `uber_playcount`) VALUES (128,'Green Grass And High Tides',73,87,19,12,NULL,586866,'',NULL,128,44100,'',NULL,NULL,'file:///Users/bprewit/Google%20Drive/music/Music/The%20Outlaws/Platinum%20&#38;%20Gold%20Collection/12%20Green%20Grass%20And%20High%20Tides.mp3',9394607,'file:///Users/bprewit/Google%20Drive/music/Music/The%20Outlaws/Platinum%20&#38;%20Gold%20Collection/12%20Green%20Grass%20And%20High%20Tides.mp3','2003',NULL,20);
INSERT INTO `songs` (`song_id`, `title`, `artist_id`, `album_id`, `genre_id`, `track`, `duration`, `seconds`, `lyrics`, `comment`, `bitrate`, `samplerate`, `fileformat`, `channels`, `tagtypes`, `filename`, `filesize`, `filepath`, `year`, `uber_rating`, `uber_playcount`) VALUES (129,'Where the Green Grass Grows',74,88,4,1,NULL,201952,'',NULL,320,44100,'',NULL,NULL,'file:///Users/bprewit/Google%20Drive/music/Music/Tim%20McGraw/Everywhere/01%20Where%20the%20Green%20Grass%20Grows.mp3',8080284,'file:///Users/bprewit/Google%20Drive/music/Music/Tim%20McGraw/Everywhere/01%20Where%20the%20Green%20Grass%20Grows.mp3','1997',NULL,8);
INSERT INTO `songs` (`song_id`, `title`, `artist_id`, `album_id`, `genre_id`, `track`, `duration`, `seconds`, `lyrics`, `comment`, `bitrate`, `samplerate`, `fileformat`, `channels`, `tagtypes`, `filename`, `filesize`, `filepath`, `year`, `uber_rating`, `uber_playcount`) VALUES (130,'Country Comes to Town',75,89,4,5,NULL,219715,'',NULL,128,44100,'',NULL,NULL,'file:///Users/bprewit/Google%20Drive/music/Music/Toby%20Keith/How%20Do%20You%20Like%20Me%20Now_/05%20Country%20Comes%20to%20Town.mp3',3517631,'file:///Users/bprewit/Google%20Drive/music/Music/Toby%20Keith/How%20Do%20You%20Like%20Me%20Now_/05%20Country%20Comes%20to%20Town.mp3','1999',NULL,2);
INSERT INTO `songs` (`song_id`, `title`, `artist_id`, `album_id`, `genre_id`, `track`, `duration`, `seconds`, `lyrics`, `comment`, `bitrate`, `samplerate`, `fileformat`, `channels`, `tagtypes`, `filename`, `filesize`, `filepath`, `year`, `uber_rating`, `uber_playcount`) VALUES (131,'Weed With Willie',75,90,4,12,NULL,158563,'',NULL,128,44100,'',NULL,NULL,'file:///Users/bprewit/Google%20Drive/music/Music/Toby%20Keith/Shock\'n%20Y\'All/12%20Weed%20With%20Willie.mp3',2541235,'file:///Users/bprewit/Google%20Drive/music/Music/Toby%20Keith/Shock\'n%20Y\'All/12%20Weed%20With%20Willie.mp3','2003',NULL,6);
INSERT INTO `songs` (`song_id`, `title`, `artist_id`, `album_id`, `genre_id`, `track`, `duration`, `seconds`, `lyrics`, `comment`, `bitrate`, `samplerate`, `fileformat`, `channels`, `tagtypes`, `filename`, `filesize`, `filepath`, `year`, `uber_rating`, `uber_playcount`) VALUES (132,'Beer For My Horses',75,91,4,5,NULL,204042,'',NULL,128,44100,'',NULL,NULL,'file:///Users/bprewit/Google%20Drive/music/Music/Toby%20Keith/Unleashed/05%20Beer%20For%20My%20Horses.mp3',3270346,'file:///Users/bprewit/Google%20Drive/music/Music/Toby%20Keith/Unleashed/05%20Beer%20For%20My%20Horses.mp3','2002',NULL,7);
INSERT INTO `songs` (`song_id`, `title`, `artist_id`, `album_id`, `genre_id`, `track`, `duration`, `seconds`, `lyrics`, `comment`, `bitrate`, `samplerate`, `fileformat`, `channels`, `tagtypes`, `filename`, `filesize`, `filepath`, `year`, `uber_rating`, `uber_playcount`) VALUES (133,'Funky Cold Medina',76,92,20,10,NULL,247562,'',NULL,192,44100,'',NULL,NULL,'file:///Users/bprewit/Google%20Drive/music/Music/Tone-Loc/Wild%20Thing%20and%20Other%20Hits/10%20Funky%20Cold%20Medina.mp3',3466468,'file:///Users/bprewit/Google%20Drive/music/Music/Tone-Loc/Wild%20Thing%20and%20Other%20Hits/10%20Funky%20Cold%20Medina.mp3','2003',NULL,8);
INSERT INTO `songs` (`song_id`, `title`, `artist_id`, `album_id`, `genre_id`, `track`, `duration`, `seconds`, `lyrics`, `comment`, `bitrate`, `samplerate`, `fileformat`, `channels`, `tagtypes`, `filename`, `filesize`, `filepath`, `year`, `uber_rating`, `uber_playcount`) VALUES (134,'If I Needed You',77,93,9,1,NULL,209893,'',NULL,320,44100,'',NULL,NULL,'file:///Users/bprewit/Google%20Drive/music/Music/Townes%20Van%20Zandt/Texas%20Rain/01%20If%20I%20Needed%20You.MP3',8397887,'file:///Users/bprewit/Google%20Drive/music/Music/Townes%20Van%20Zandt/Texas%20Rain/01%20If%20I%20Needed%20You.MP3','2001',NULL,4);
INSERT INTO `songs` (`song_id`, `title`, `artist_id`, `album_id`, `genre_id`, `track`, `duration`, `seconds`, `lyrics`, `comment`, `bitrate`, `samplerate`, `fileformat`, `channels`, `tagtypes`, `filename`, `filesize`, `filepath`, `year`, `uber_rating`, `uber_playcount`) VALUES (135,'The Snow Came Down',12,13,7,13,NULL,343275,'',NULL,256,44100,'',NULL,NULL,'file:///Users/bprewit/Google%20Drive/music/Music/Trans-Siberian%20Orchestra/The%20Christmas%20Attic/13%20The%20Snow%20Came%20Down.mp3',11090971,'file:///Users/bprewit/Google%20Drive/music/Music/Trans-Siberian%20Orchestra/The%20Christmas%20Attic/13%20The%20Snow%20Came%20Down.mp3','2006',NULL,NULL);
INSERT INTO `songs` (`song_id`, `title`, `artist_id`, `album_id`, `genre_id`, `track`, `duration`, `seconds`, `lyrics`, `comment`, `bitrate`, `samplerate`, `fileformat`, `channels`, `tagtypes`, `filename`, `filesize`, `filepath`, `year`, `uber_rating`, `uber_playcount`) VALUES (136,'Music Box Blues',12,13,7,17,NULL,295706,'',NULL,256,44100,'',NULL,NULL,'file:///Users/bprewit/Google%20Drive/music/Music/Trans-Siberian%20Orchestra/The%20Christmas%20Attic/17%20Music%20Box%20Blues.mp3',9568750,'file:///Users/bprewit/Google%20Drive/music/Music/Trans-Siberian%20Orchestra/The%20Christmas%20Attic/17%20Music%20Box%20Blues.mp3','2006',NULL,1);
INSERT INTO `songs` (`song_id`, `title`, `artist_id`, `album_id`, `genre_id`, `track`, `duration`, `seconds`, `lyrics`, `comment`, `bitrate`, `samplerate`, `fileformat`, `channels`, `tagtypes`, `filename`, `filesize`, `filepath`, `year`, `uber_rating`, `uber_playcount`) VALUES (137,'Back To A Reason (Part II)',12,94,7,17,NULL,292884,'',NULL,256,44100,'',NULL,NULL,'file:///Users/bprewit/Google%20Drive/music/Music/Trans-Siberian%20Orchestra/The%20Lost%20Christmas%20Eve/17%20Back%20To%20A%20Reason%20(Part%20II).mp3',9442883,'file:///Users/bprewit/Google%20Drive/music/Music/Trans-Siberian%20Orchestra/The%20Lost%20Christmas%20Eve/17%20Back%20To%20A%20Reason%20(Part%20II).mp3','2004',NULL,NULL);
INSERT INTO `songs` (`song_id`, `title`, `artist_id`, `album_id`, `genre_id`, `track`, `duration`, `seconds`, `lyrics`, `comment`, `bitrate`, `samplerate`, `fileformat`, `channels`, `tagtypes`, `filename`, `filesize`, `filepath`, `year`, `uber_rating`, `uber_playcount`) VALUES (138,'Different Wings',12,94,7,22,NULL,164362,'',NULL,256,44100,'',NULL,NULL,'file:///Users/bprewit/Google%20Drive/music/Music/Trans-Siberian%20Orchestra/The%20Lost%20Christmas%20Eve/22%20Different%20Wings.mp3',5330149,'file:///Users/bprewit/Google%20Drive/music/Music/Trans-Siberian%20Orchestra/The%20Lost%20Christmas%20Eve/22%20Different%20Wings.mp3','2004',NULL,NULL);
INSERT INTO `songs` (`song_id`, `title`, `artist_id`, `album_id`, `genre_id`, `track`, `duration`, `seconds`, `lyrics`, `comment`, `bitrate`, `samplerate`, `fileformat`, `channels`, `tagtypes`, `filename`, `filesize`, `filepath`, `year`, `uber_rating`, `uber_playcount`) VALUES (139,'Midnight Clear',12,94,7,23,NULL,98429,'',NULL,256,44100,'',NULL,NULL,'file:///Users/bprewit/Google%20Drive/music/Music/Trans-Siberian%20Orchestra/The%20Lost%20Christmas%20Eve/23%20Midnight%20Clear.mp3',3220273,'file:///Users/bprewit/Google%20Drive/music/Music/Trans-Siberian%20Orchestra/The%20Lost%20Christmas%20Eve/23%20Midnight%20Clear.mp3','2004',NULL,1);
INSERT INTO `songs` (`song_id`, `title`, `artist_id`, `album_id`, `genre_id`, `track`, `duration`, `seconds`, `lyrics`, `comment`, `bitrate`, `samplerate`, `fileformat`, `channels`, `tagtypes`, `filename`, `filesize`, `filepath`, `year`, `uber_rating`, `uber_playcount`) VALUES (140,'More Than A Feeling',78,95,1,8,NULL,283115,'',NULL,256,44100,'',NULL,NULL,'file:///Users/bprewit/Google%20Drive/music/Music/Various%20Artists/70\'s%20Party%20Rock/08%20More%20Than%20A%20Feeling.mp3',9064962,'file:///Users/bprewit/Google%20Drive/music/Music/Various%20Artists/70\'s%20Party%20Rock/08%20More%20Than%20A%20Feeling.mp3',NULL,NULL,4);
INSERT INTO `songs` (`song_id`, `title`, `artist_id`, `album_id`, `genre_id`, `track`, `duration`, `seconds`, `lyrics`, `comment`, `bitrate`, `samplerate`, `fileformat`, `channels`, `tagtypes`, `filename`, `filesize`, `filepath`, `year`, `uber_rating`, `uber_playcount`) VALUES (141,'Dueling Banjos',79,96,4,14,NULL,203049,'',NULL,128,44100,'',NULL,NULL,'file:///Users/bprewit/Google%20Drive/music/Music/Various%20Artists/Appalachian%20Stomp_%20Bluegrass%20Classics/14%20Dueling%20Banjos.mp3',3253532,'file:///Users/bprewit/Google%20Drive/music/Music/Various%20Artists/Appalachian%20Stomp_%20Bluegrass%20Classics/14%20Dueling%20Banjos.mp3','1995',NULL,4);
INSERT INTO `songs` (`song_id`, `title`, `artist_id`, `album_id`, `genre_id`, `track`, `duration`, `seconds`, `lyrics`, `comment`, `bitrate`, `samplerate`, `fileformat`, `channels`, `tagtypes`, `filename`, `filesize`, `filepath`, `year`, `uber_rating`, `uber_playcount`) VALUES (142,'We Didn\'t Start the Fire',80,97,1,1,NULL,272927,'',NULL,192,44100,'',NULL,NULL,'file:///Users/bprewit/Google%20Drive/music/Music/Various%20Artists/Grammy\'s%20Greatest%20Moments,%20Vol.%202/01%20We%20Didn\'t%20Start%20the%20Fire.mp3',6544928,'file:///Users/bprewit/Google%20Drive/music/Music/Various%20Artists/Grammy\'s%20Greatest%20Moments,%20Vol.%202/01%20We%20Didn\'t%20Start%20the%20Fire.mp3','1994',NULL,6);
INSERT INTO `songs` (`song_id`, `title`, `artist_id`, `album_id`, `genre_id`, `track`, `duration`, `seconds`, `lyrics`, `comment`, `bitrate`, `samplerate`, `fileformat`, `channels`, `tagtypes`, `filename`, `filesize`, `filepath`, `year`, `uber_rating`, `uber_playcount`) VALUES (143,'Against the Wind',81,98,1,1,NULL,331154,'',NULL,160,44100,'',NULL,NULL,'file:///Users/bprewit/Google%20Drive/music/Music/Various%20Artists/Harley%20Davidson%20Road%20Songs%20Disc%201/1-01%20Against%20the%20Wind.mp3',6625507,'file:///Users/bprewit/Google%20Drive/music/Music/Various%20Artists/Harley%20Davidson%20Road%20Songs%20Disc%201/1-01%20Against%20the%20Wind.mp3','1994',NULL,6);
INSERT INTO `songs` (`song_id`, `title`, `artist_id`, `album_id`, `genre_id`, `track`, `duration`, `seconds`, `lyrics`, `comment`, `bitrate`, `samplerate`, `fileformat`, `channels`, `tagtypes`, `filename`, `filesize`, `filepath`, `year`, `uber_rating`, `uber_playcount`) VALUES (144,'Born to Be Wild',82,98,1,14,NULL,209528,'',NULL,160,44100,'',NULL,NULL,'file:///Users/bprewit/Google%20Drive/music/Music/Various%20Artists/Harley%20Davidson%20Road%20Songs%20Disc%201/1-14%20Born%20to%20Be%20Wild.mp3',4192963,'file:///Users/bprewit/Google%20Drive/music/Music/Various%20Artists/Harley%20Davidson%20Road%20Songs%20Disc%201/1-14%20Born%20to%20Be%20Wild.mp3','1994',NULL,4);
INSERT INTO `songs` (`song_id`, `title`, `artist_id`, `album_id`, `genre_id`, `track`, `duration`, `seconds`, `lyrics`, `comment`, `bitrate`, `samplerate`, `fileformat`, `channels`, `tagtypes`, `filename`, `filesize`, `filepath`, `year`, `uber_rating`, `uber_playcount`) VALUES (145,'Down Home',28,99,4,12,NULL,206132,'',NULL,256,44100,'',NULL,NULL,'file:///Users/bprewit/Google%20Drive/music/Music/Various%20Artists/Redneck%20Country%20%5BTime%20Life%5D%20Disc%201/12%20Down%20Home.mp3',6593465,'file:///Users/bprewit/Google%20Drive/music/Music/Various%20Artists/Redneck%20Country%20%5BTime%20Life%5D%20Disc%201/12%20Down%20Home.mp3','2006',NULL,2);
INSERT INTO `songs` (`song_id`, `title`, `artist_id`, `album_id`, `genre_id`, `track`, `duration`, `seconds`, `lyrics`, `comment`, `bitrate`, `samplerate`, `fileformat`, `channels`, `tagtypes`, `filename`, `filesize`, `filepath`, `year`, `uber_rating`, `uber_playcount`) VALUES (146,'The Devil Went Down to Georgia',83,99,4,14,NULL,217469,'',NULL,256,44100,'',NULL,NULL,'file:///Users/bprewit/Google%20Drive/music/Music/Various%20Artists/Redneck%20Country%20%5BTime%20Life%5D%20Disc%201/14%20The%20Devil%20Went%20Down%20to%20Georgia.mp3',6955855,'file:///Users/bprewit/Google%20Drive/music/Music/Various%20Artists/Redneck%20Country%20%5BTime%20Life%5D%20Disc%201/14%20The%20Devil%20Went%20Down%20to%20Georgia.mp3','2006',NULL,8);
INSERT INTO `songs` (`song_id`, `title`, `artist_id`, `album_id`, `genre_id`, `track`, `duration`, `seconds`, `lyrics`, `comment`, `bitrate`, `samplerate`, `fileformat`, `channels`, `tagtypes`, `filename`, `filesize`, `filepath`, `year`, `uber_rating`, `uber_playcount`) VALUES (147,'When It All Goes South',28,24,4,10,NULL,417828,'',NULL,256,44100,'',NULL,NULL,'file:///Users/bprewit/Google%20Drive/music/Music/Various%20Artists/Redneck%20Country%20%5BTime%20Life%5D%20Disc%202/10%20When%20It%20All%20Goes%20South.mp3',13360305,'file:///Users/bprewit/Google%20Drive/music/Music/Various%20Artists/Redneck%20Country%20%5BTime%20Life%5D%20Disc%202/10%20When%20It%20All%20Goes%20South.mp3','2006',NULL,8);
INSERT INTO `songs` (`song_id`, `title`, `artist_id`, `album_id`, `genre_id`, `track`, `duration`, `seconds`, `lyrics`, `comment`, `bitrate`, `samplerate`, `fileformat`, `channels`, `tagtypes`, `filename`, `filesize`, `filepath`, `year`, `uber_rating`, `uber_playcount`) VALUES (148,'I\'m from the Country',84,24,4,11,NULL,219115,'',NULL,256,44100,'',NULL,NULL,'file:///Users/bprewit/Google%20Drive/music/Music/Various%20Artists/Redneck%20Country%20%5BTime%20Life%5D%20Disc%202/11%20I\'m%20from%20the%20Country.mp3',7008460,'file:///Users/bprewit/Google%20Drive/music/Music/Various%20Artists/Redneck%20Country%20%5BTime%20Life%5D%20Disc%202/11%20I\'m%20from%20the%20Country.mp3','2006',NULL,2);
INSERT INTO `songs` (`song_id`, `title`, `artist_id`, `album_id`, `genre_id`, `track`, `duration`, `seconds`, `lyrics`, `comment`, `bitrate`, `samplerate`, `fileformat`, `channels`, `tagtypes`, `filename`, `filesize`, `filepath`, `year`, `uber_rating`, `uber_playcount`) VALUES (149,'First Redneck on the Internet',85,24,4,13,NULL,223634,'',NULL,256,44100,'',NULL,NULL,'file:///Users/bprewit/Google%20Drive/music/Music/Various%20Artists/Redneck%20Country%20%5BTime%20Life%5D%20Disc%202/13%20First%20Redneck%20on%20the%20Internet.mp3',7152915,'file:///Users/bprewit/Google%20Drive/music/Music/Various%20Artists/Redneck%20Country%20%5BTime%20Life%5D%20Disc%202/13%20First%20Redneck%20on%20the%20Internet.mp3','2006',NULL,5);
INSERT INTO `songs` (`song_id`, `title`, `artist_id`, `album_id`, `genre_id`, `track`, `duration`, `seconds`, `lyrics`, `comment`, `bitrate`, `samplerate`, `fileformat`, `channels`, `tagtypes`, `filename`, `filesize`, `filepath`, `year`, `uber_rating`, `uber_playcount`) VALUES (150,'Radar Love',86,100,1,6,NULL,383190,'',NULL,192,44100,'',NULL,NULL,'file:///Users/bprewit/Google%20Drive/music/Music/Various%20Artists/Road%20Rock/06%20Radar%20Love.mp3',9214358,'file:///Users/bprewit/Google%20Drive/music/Music/Various%20Artists/Road%20Rock/06%20Radar%20Love.mp3',NULL,NULL,8);
INSERT INTO `songs` (`song_id`, `title`, `artist_id`, `album_id`, `genre_id`, `track`, `duration`, `seconds`, `lyrics`, `comment`, `bitrate`, `samplerate`, `fileformat`, `channels`, `tagtypes`, `filename`, `filesize`, `filepath`, `year`, `uber_rating`, `uber_playcount`) VALUES (151,'Magic Carpet Ride',82,100,1,7,NULL,265012,'',NULL,192,44100,'',NULL,NULL,'file:///Users/bprewit/Google%20Drive/music/Music/Various%20Artists/Road%20Rock/07%20Magic%20Carpet%20Ride.mp3',6368562,'file:///Users/bprewit/Google%20Drive/music/Music/Various%20Artists/Road%20Rock/07%20Magic%20Carpet%20Ride.mp3',NULL,NULL,6);
INSERT INTO `songs` (`song_id`, `title`, `artist_id`, `album_id`, `genre_id`, `track`, `duration`, `seconds`, `lyrics`, `comment`, `bitrate`, `samplerate`, `fileformat`, `channels`, `tagtypes`, `filename`, `filesize`, `filepath`, `year`, `uber_rating`, `uber_playcount`) VALUES (152,'Oh I\'m a Good Old Rebel',87,101,9,23,NULL,108408,'',NULL,64,44100,'',NULL,NULL,'file:///Users/bprewit/Google%20Drive/music/Music/Various%20Artists/Songs%20of%20the%20Civil%20War%20%5BColumbia%5D/23%20Oh%20I\'m%20a%20Good%20Old%20Rebel.mp3',867480,'file:///Users/bprewit/Google%20Drive/music/Music/Various%20Artists/Songs%20of%20the%20Civil%20War%20%5BColumbia%5D/23%20Oh%20I\'m%20a%20Good%20Old%20Rebel.mp3','1991',NULL,NULL);
INSERT INTO `songs` (`song_id`, `title`, `artist_id`, `album_id`, `genre_id`, `track`, `duration`, `seconds`, `lyrics`, `comment`, `bitrate`, `samplerate`, `fileformat`, `channels`, `tagtypes`, `filename`, `filesize`, `filepath`, `year`, `uber_rating`, `uber_playcount`) VALUES (153,'99 Red Balloons',88,102,1,5,NULL,234501,'',NULL,128,44100,'',NULL,NULL,'file:///Users/bprewit/Google%20Drive/music/Music/Various%20Artists/VH1_%20The%20Big%2080\'s/05%2099%20Red%20Balloons.mp3',3756755,'file:///Users/bprewit/Google%20Drive/music/Music/Various%20Artists/VH1_%20The%20Big%2080\'s/05%2099%20Red%20Balloons.mp3','1996',NULL,7);
INSERT INTO `songs` (`song_id`, `title`, `artist_id`, `album_id`, `genre_id`, `track`, `duration`, `seconds`, `lyrics`, `comment`, `bitrate`, `samplerate`, `fileformat`, `channels`, `tagtypes`, `filename`, `filesize`, `filepath`, `year`, `uber_rating`, `uber_playcount`) VALUES (154,'I\'ve Seen All Good People',89,103,18,NULL,NULL,417123,'',NULL,128,44100,'',NULL,NULL,'file:///Users/bprewit/Google%20Drive/music/Music/Yes/The%20Yes%20Album/I\'ve%20Seen%20All%20Good%20People.mp3',6682696,'file:///Users/bprewit/Google%20Drive/music/Music/Yes/The%20Yes%20Album/I\'ve%20Seen%20All%20Good%20People.mp3','1971',NULL,1);
INSERT INTO `songs` (`song_id`, `title`, `artist_id`, `album_id`, `genre_id`, `track`, `duration`, `seconds`, `lyrics`, `comment`, `bitrate`, `samplerate`, `fileformat`, `channels`, `tagtypes`, `filename`, `filesize`, `filepath`, `year`, `uber_rating`, `uber_playcount`) VALUES (155,'March_of_Cambreadth',25,29,10,NULL,NULL,287059,'',NULL,128,44100,'',NULL,NULL,'file:///Users/bprewit/Google%20Drive/music/Music/Unknown%20Artist/Unknown%20Album/March_of_Cambreadth.mp3',4593503,'file:///Users/bprewit/Google%20Drive/music/Music/Unknown%20Artist/Unknown%20Album/March_of_Cambreadth.mp3',NULL,NULL,35);
INSERT INTO `songs` (`song_id`, `title`, `artist_id`, `album_id`, `genre_id`, `track`, `duration`, `seconds`, `lyrics`, `comment`, `bitrate`, `samplerate`, `fileformat`, `channels`, `tagtypes`, `filename`, `filesize`, `filepath`, `year`, `uber_rating`, `uber_playcount`) VALUES (156,'The Galway Girl',5,104,4,7,NULL,185133,'',NULL,256,44100,'',NULL,NULL,'file:///Users/bprewit/Google%20Drive/music/Music/Steve%20Earle/Transcendental%20Blues/07%20The%20Galway%20Girl.m4a',7136816,'file:///Users/bprewit/Google%20Drive/music/Music/Steve%20Earle/Transcendental%20Blues/07%20The%20Galway%20Girl.m4a','2000',NULL,42);
INSERT INTO `songs` (`song_id`, `title`, `artist_id`, `album_id`, `genre_id`, `track`, `duration`, `seconds`, `lyrics`, `comment`, `bitrate`, `samplerate`, `fileformat`, `channels`, `tagtypes`, `filename`, `filesize`, `filepath`, `year`, `uber_rating`, `uber_playcount`) VALUES (157,'Wish You Were Here',90,105,1,5,NULL,325533,'',NULL,256,44100,'',NULL,NULL,'file:///Users/bprewit/Google%20Drive/music/Music/Pink%20Floyd/A%20Collection%20of%20Great%20Dance%20Songs/05%20Wish%20You%20Were%20Here.m4a',12218205,'file:///Users/bprewit/Google%20Drive/music/Music/Pink%20Floyd/A%20Collection%20of%20Great%20Dance%20Songs/05%20Wish%20You%20Were%20Here.m4a','1981',NULL,6);
INSERT INTO `songs` (`song_id`, `title`, `artist_id`, `album_id`, `genre_id`, `track`, `duration`, `seconds`, `lyrics`, `comment`, `bitrate`, `samplerate`, `fileformat`, `channels`, `tagtypes`, `filename`, `filesize`, `filepath`, `year`, `uber_rating`, `uber_playcount`) VALUES (158,'Geronimo\'s Cadillac',91,106,4,1,NULL,278466,'',NULL,256,44100,'',NULL,NULL,'file:///Users/bprewit/Google%20Drive/music/Music/Michael%20Martin%20Murphey/Geronimo\'s%20Cadillac/01%20Geronimo\'s%20Cadillac.m4a',11053612,'file:///Users/bprewit/Google%20Drive/music/Music/Michael%20Martin%20Murphey/Geronimo\'s%20Cadillac/01%20Geronimo\'s%20Cadillac.m4a','1972',NULL,5);
INSERT INTO `songs` (`song_id`, `title`, `artist_id`, `album_id`, `genre_id`, `track`, `duration`, `seconds`, `lyrics`, `comment`, `bitrate`, `samplerate`, `fileformat`, `channels`, `tagtypes`, `filename`, `filesize`, `filepath`, `year`, `uber_rating`, `uber_playcount`) VALUES (182,'Going In For Guns',93,107,1,1,NULL,199262,'',NULL,253,44100,'',NULL,NULL,'file:///Users/bprewit/Google%20Drive/music/Music/Dos%20Gringos/2%20%5BExplicit%5D/01%20Going%20In%20For%20Guns.mp3',6604516,'file:///Users/bprewit/Google%20Drive/music/Music/Dos%20Gringos/2%20%5BExplicit%5D/01%20Going%20In%20For%20Guns.mp3','2006',NULL,16);
INSERT INTO `songs` (`song_id`, `title`, `artist_id`, `album_id`, `genre_id`, `track`, `duration`, `seconds`, `lyrics`, `comment`, `bitrate`, `samplerate`, `fileformat`, `channels`, `tagtypes`, `filename`, `filesize`, `filepath`, `year`, `uber_rating`, `uber_playcount`) VALUES (183,'Ballad of Thunderbird 2 [Explicit]',93,108,1,1,NULL,167993,'',NULL,243,44100,'',NULL,NULL,'file:///Users/bprewit/Google%20Drive/music/Music/Dos%20Gringos/El%20Cuatro%20%5BExplicit%5D/01%20Ballad%20of%20Thunderbird%202%20%5BExplicit%5D.mp3',5312098,'file:///Users/bprewit/Google%20Drive/music/Music/Dos%20Gringos/El%20Cuatro%20%5BExplicit%5D/01%20Ballad%20of%20Thunderbird%202%20%5BExplicit%5D.mp3','2012',NULL,7);
INSERT INTO `songs` (`song_id`, `title`, `artist_id`, `album_id`, `genre_id`, `track`, `duration`, `seconds`, `lyrics`, `comment`, `bitrate`, `samplerate`, `fileformat`, `channels`, `tagtypes`, `filename`, `filesize`, `filepath`, `year`, `uber_rating`, `uber_playcount`) VALUES (184,'Boots On the Ground',93,108,1,4,NULL,309289,'',NULL,257,44100,'',NULL,NULL,'file:///Users/bprewit/Google%20Drive/music/Music/Dos%20Gringos/El%20Cuatro%20%5BExplicit%5D/04%20Boots%20On%20the%20Ground.mp3',10169716,'file:///Users/bprewit/Google%20Drive/music/Music/Dos%20Gringos/El%20Cuatro%20%5BExplicit%5D/04%20Boots%20On%20the%20Ground.mp3','2012',NULL,6);
INSERT INTO `songs` (`song_id`, `title`, `artist_id`, `album_id`, `genre_id`, `track`, `duration`, `seconds`, `lyrics`, `comment`, `bitrate`, `samplerate`, `fileformat`, `channels`, `tagtypes`, `filename`, `filesize`, `filepath`, `year`, `uber_rating`, `uber_playcount`) VALUES (185,'Tami 21 [Explicit]',93,108,1,6,NULL,297195,'',NULL,235,44100,'',NULL,NULL,'file:///Users/bprewit/Google%20Drive/music/Music/Dos%20Gringos/El%20Cuatro%20%5BExplicit%5D/06%20Tami%2021%20%5BExplicit%5D.mp3',8940261,'file:///Users/bprewit/Google%20Drive/music/Music/Dos%20Gringos/El%20Cuatro%20%5BExplicit%5D/06%20Tami%2021%20%5BExplicit%5D.mp3','2012',NULL,NULL);
INSERT INTO `songs` (`song_id`, `title`, `artist_id`, `album_id`, `genre_id`, `track`, `duration`, `seconds`, `lyrics`, `comment`, `bitrate`, `samplerate`, `fileformat`, `channels`, `tagtypes`, `filename`, `filesize`, `filepath`, `year`, `uber_rating`, `uber_playcount`) VALUES (186,'Code Brown [Explicit]',93,108,1,7,NULL,241554,'',NULL,225,44100,'',NULL,NULL,'file:///Users/bprewit/Google%20Drive/music/Music/Dos%20Gringos/El%20Cuatro%20%5BExplicit%5D/07%20Code%20Brown%20%5BExplicit%5D.mp3',6993745,'file:///Users/bprewit/Google%20Drive/music/Music/Dos%20Gringos/El%20Cuatro%20%5BExplicit%5D/07%20Code%20Brown%20%5BExplicit%5D.mp3','2012',NULL,NULL);
INSERT INTO `songs` (`song_id`, `title`, `artist_id`, `album_id`, `genre_id`, `track`, `duration`, `seconds`, `lyrics`, `comment`, `bitrate`, `samplerate`, `fileformat`, `channels`, `tagtypes`, `filename`, `filesize`, `filepath`, `year`, `uber_rating`, `uber_playcount`) VALUES (187,'AFN [Explicit]',93,108,1,8,NULL,344241,'',NULL,232,44100,'',NULL,NULL,'file:///Users/bprewit/Google%20Drive/music/Music/Dos%20Gringos/El%20Cuatro%20%5BExplicit%5D/08%20AFN%20%5BExplicit%5D.mp3',10200905,'file:///Users/bprewit/Google%20Drive/music/Music/Dos%20Gringos/El%20Cuatro%20%5BExplicit%5D/08%20AFN%20%5BExplicit%5D.mp3','2012',NULL,NULL);
INSERT INTO `songs` (`song_id`, `title`, `artist_id`, `album_id`, `genre_id`, `track`, `duration`, `seconds`, `lyrics`, `comment`, `bitrate`, `samplerate`, `fileformat`, `channels`, `tagtypes`, `filename`, `filesize`, `filepath`, `year`, `uber_rating`, `uber_playcount`) VALUES (188,'Left Behind [Explicit]',93,108,1,10,NULL,222772,'',NULL,215,44100,'',NULL,NULL,'file:///Users/bprewit/Google%20Drive/music/Music/Dos%20Gringos/El%20Cuatro%20%5BExplicit%5D/10%20Left%20Behind%20%5BExplicit%5D.mp3',6199535,'file:///Users/bprewit/Google%20Drive/music/Music/Dos%20Gringos/El%20Cuatro%20%5BExplicit%5D/10%20Left%20Behind%20%5BExplicit%5D.mp3','2012',NULL,6);
INSERT INTO `songs` (`song_id`, `title`, `artist_id`, `album_id`, `genre_id`, `track`, `duration`, `seconds`, `lyrics`, `comment`, `bitrate`, `samplerate`, `fileformat`, `channels`, `tagtypes`, `filename`, `filesize`, `filepath`, `year`, `uber_rating`, `uber_playcount`) VALUES (189,'Thank You [Explicit]',93,108,1,12,NULL,83826,'',NULL,198,44100,'',NULL,NULL,'file:///Users/bprewit/Google%20Drive/music/Music/Dos%20Gringos/El%20Cuatro%20%5BExplicit%5D/12%20Thank%20You%20%5BExplicit%5D.mp3',2276417,'file:///Users/bprewit/Google%20Drive/music/Music/Dos%20Gringos/El%20Cuatro%20%5BExplicit%5D/12%20Thank%20You%20%5BExplicit%5D.mp3','2012',NULL,NULL);
INSERT INTO `songs` (`song_id`, `title`, `artist_id`, `album_id`, `genre_id`, `track`, `duration`, `seconds`, `lyrics`, `comment`, `bitrate`, `samplerate`, `fileformat`, `channels`, `tagtypes`, `filename`, `filesize`, `filepath`, `year`, `uber_rating`, `uber_playcount`) VALUES (190,'World War III',93,109,21,1,NULL,271725,'',NULL,246,44100,'',NULL,NULL,'file:///Users/bprewit/Google%20Drive/music/Music/Dos%20Gringos/Live%20at%20the%20Sand%20Trap/01%20World%20War%20III.mp3',8683453,'file:///Users/bprewit/Google%20Drive/music/Music/Dos%20Gringos/Live%20at%20the%20Sand%20Trap/01%20World%20War%20III.mp3','2003',NULL,14);
INSERT INTO `songs` (`song_id`, `title`, `artist_id`, `album_id`, `genre_id`, `track`, `duration`, `seconds`, `lyrics`, `comment`, `bitrate`, `samplerate`, `fileformat`, `channels`, `tagtypes`, `filename`, `filesize`, `filepath`, `year`, `uber_rating`, `uber_playcount`) VALUES (191,'That Thing We Never Talk About [Explicit]',93,108,1,11,NULL,363206,'',NULL,225,44100,'',NULL,NULL,'file:///Users/bprewit/Google%20Drive/music/Music/Dos%20Gringos/El%20Cuatro%20%5BExplicit%5D/11%20That%20Thing%20We%20Never%20Talk%20About%20%5BExplicit%5D.mp3',10456792,'file:///Users/bprewit/Google%20Drive/music/Music/Dos%20Gringos/El%20Cuatro%20%5BExplicit%5D/11%20That%20Thing%20We%20Never%20Talk%20About%20%5BExplicit%5D.mp3','2012',NULL,1);
INSERT INTO `songs` (`song_id`, `title`, `artist_id`, `album_id`, `genre_id`, `track`, `duration`, `seconds`, `lyrics`, `comment`, `bitrate`, `samplerate`, `fileformat`, `channels`, `tagtypes`, `filename`, `filesize`, `filepath`, `year`, `uber_rating`, `uber_playcount`) VALUES (192,'The Lost Christmas Eve',12,94,7,2,NULL,333348,'',NULL,256,44100,'',NULL,NULL,'file:///Users/bprewit/Google%20Drive/music/Music/Trans-Siberian%20Orchestra/The%20Lost%20Christmas%20Eve/02%20The%20Lost%20Christmas%20Eve%201.mp3',10738837,'file:///Users/bprewit/Google%20Drive/music/Music/Trans-Siberian%20Orchestra/The%20Lost%20Christmas%20Eve/02%20The%20Lost%20Christmas%20Eve%201.mp3','2004',NULL,NULL);
INSERT INTO `songs` (`song_id`, `title`, `artist_id`, `album_id`, `genre_id`, `track`, `duration`, `seconds`, `lyrics`, `comment`, `bitrate`, `samplerate`, `fileformat`, `channels`, `tagtypes`, `filename`, `filesize`, `filepath`, `year`, `uber_rating`, `uber_playcount`) VALUES (193,'Christmas Dreams',12,94,7,3,NULL,234396,'',NULL,256,44100,'',NULL,NULL,'file:///Users/bprewit/Google%20Drive/music/Music/Trans-Siberian%20Orchestra/The%20Lost%20Christmas%20Eve/03%20Christmas%20Dreams%201.mp3',7572364,'file:///Users/bprewit/Google%20Drive/music/Music/Trans-Siberian%20Orchestra/The%20Lost%20Christmas%20Eve/03%20Christmas%20Dreams%201.mp3','2004',NULL,NULL);
INSERT INTO `songs` (`song_id`, `title`, `artist_id`, `album_id`, `genre_id`, `track`, `duration`, `seconds`, `lyrics`, `comment`, `bitrate`, `samplerate`, `fileformat`, `channels`, `tagtypes`, `filename`, `filesize`, `filepath`, `year`, `uber_rating`, `uber_playcount`) VALUES (194,'Anno Domine',12,94,7,6,NULL,133172,'',NULL,256,44100,'',NULL,NULL,'file:///Users/bprewit/Google%20Drive/music/Music/Trans-Siberian%20Orchestra/The%20Lost%20Christmas%20Eve/06%20Anno%20Domine%201.mp3',4333182,'file:///Users/bprewit/Google%20Drive/music/Music/Trans-Siberian%20Orchestra/The%20Lost%20Christmas%20Eve/06%20Anno%20Domine%201.mp3','2004',NULL,NULL);
INSERT INTO `songs` (`song_id`, `title`, `artist_id`, `album_id`, `genre_id`, `track`, `duration`, `seconds`, `lyrics`, `comment`, `bitrate`, `samplerate`, `fileformat`, `channels`, `tagtypes`, `filename`, `filesize`, `filepath`, `year`, `uber_rating`, `uber_playcount`) VALUES (195,'Dream Child (A Christmas Dream)',12,13,7,15,NULL,424881,'',NULL,256,44100,'',NULL,NULL,'file:///Users/bprewit/Google%20Drive/music/Music/Trans-Siberian%20Orchestra/The%20Christmas%20Attic/15%20Dream%20Child%20(A%20Christmas%20Dream).mp3',13703528,'file:///Users/bprewit/Google%20Drive/music/Music/Trans-Siberian%20Orchestra/The%20Christmas%20Attic/15%20Dream%20Child%20(A%20Christmas%20Dream).mp3','2006',NULL,NULL);
INSERT INTO `songs` (`song_id`, `title`, `artist_id`, `album_id`, `genre_id`, `track`, `duration`, `seconds`, `lyrics`, `comment`, `bitrate`, `samplerate`, `fileformat`, `channels`, `tagtypes`, `filename`, `filesize`, `filepath`, `year`, `uber_rating`, `uber_playcount`) VALUES (196,'Remember',12,94,7,5,NULL,205087,'',NULL,256,44100,'',NULL,NULL,'file:///Users/bprewit/Google%20Drive/music/Music/Trans-Siberian%20Orchestra/The%20Lost%20Christmas%20Eve/05%20Remember%201.mp3',6634459,'file:///Users/bprewit/Google%20Drive/music/Music/Trans-Siberian%20Orchestra/The%20Lost%20Christmas%20Eve/05%20Remember%201.mp3','2004',NULL,NULL);
INSERT INTO `songs` (`song_id`, `title`, `artist_id`, `album_id`, `genre_id`, `track`, `duration`, `seconds`, `lyrics`, `comment`, `bitrate`, `samplerate`, `fileformat`, `channels`, `tagtypes`, `filename`, `filesize`, `filepath`, `year`, `uber_rating`, `uber_playcount`) VALUES (197,'What Is Christmas?',12,94,7,13,NULL,171206,'',NULL,256,44100,'',NULL,NULL,'file:///Users/bprewit/Google%20Drive/music/Music/Trans-Siberian%20Orchestra/The%20Lost%20Christmas%20Eve/13%20What%20Is%20Christmas_%201.mp3',5550281,'file:///Users/bprewit/Google%20Drive/music/Music/Trans-Siberian%20Orchestra/The%20Lost%20Christmas%20Eve/13%20What%20Is%20Christmas_%201.mp3','2004',NULL,NULL);
INSERT INTO `songs` (`song_id`, `title`, `artist_id`, `album_id`, `genre_id`, `track`, `duration`, `seconds`, `lyrics`, `comment`, `bitrate`, `samplerate`, `fileformat`, `channels`, `tagtypes`, `filename`, `filesize`, `filepath`, `year`, `uber_rating`, `uber_playcount`) VALUES (198,'What Child Is This?',12,94,7,19,NULL,357407,'',NULL,256,44100,'',NULL,NULL,'file:///Users/bprewit/Google%20Drive/music/Music/Trans-Siberian%20Orchestra/The%20Lost%20Christmas%20Eve/19%20What%20Child%20Is%20This_%201.mp3',11508724,'file:///Users/bprewit/Google%20Drive/music/Music/Trans-Siberian%20Orchestra/The%20Lost%20Christmas%20Eve/19%20What%20Child%20Is%20This_%201.mp3','2004',NULL,NULL);
INSERT INTO `songs` (`song_id`, `title`, `artist_id`, `album_id`, `genre_id`, `track`, `duration`, `seconds`, `lyrics`, `comment`, `bitrate`, `samplerate`, `fileformat`, `channels`, `tagtypes`, `filename`, `filesize`, `filepath`, `year`, `uber_rating`, `uber_playcount`) VALUES (199,'I Wanna Takeoff From a Carrier',93,110,1,2,NULL,143986,'',NULL,261,44100,'',NULL,NULL,'file:///Users/bprewit/Google%20Drive/music/Music/Dos%20Gringos/Live%20At%20Tommy%20Rockers%20(No%20Really,%20It%20Was%20Live)/02%20I%20Wanna%20Takeoff%20From%20a%20Carrier.mp3',5076018,'file:///Users/bprewit/Google%20Drive/music/Music/Dos%20Gringos/Live%20At%20Tommy%20Rockers%20(No%20Really,%20It%20Was%20Live)/02%20I%20Wanna%20Takeoff%20From%20a%20Carrier.mp3','2007',NULL,NULL);
INSERT INTO `songs` (`song_id`, `title`, `artist_id`, `album_id`, `genre_id`, `track`, `duration`, `seconds`, `lyrics`, `comment`, `bitrate`, `samplerate`, `fileformat`, `channels`, `tagtypes`, `filename`, `filesize`, `filepath`, `year`, `uber_rating`, `uber_playcount`) VALUES (200,'The Hound War Song',93,110,1,3,NULL,216685,'',NULL,256,44100,'',NULL,NULL,'file:///Users/bprewit/Google%20Drive/music/Music/Dos%20Gringos/Live%20At%20Tommy%20Rockers%20(No%20Really,%20It%20Was%20Live)/03%20The%20Hound%20War%20Song.mp3',7320538,'file:///Users/bprewit/Google%20Drive/music/Music/Dos%20Gringos/Live%20At%20Tommy%20Rockers%20(No%20Really,%20It%20Was%20Live)/03%20The%20Hound%20War%20Song.mp3','2007',NULL,NULL);
INSERT INTO `songs` (`song_id`, `title`, `artist_id`, `album_id`, `genre_id`, `track`, `duration`, `seconds`, `lyrics`, `comment`, `bitrate`, `samplerate`, `fileformat`, `channels`, `tagtypes`, `filename`, `filesize`, `filepath`, `year`, `uber_rating`, `uber_playcount`) VALUES (201,'The Wingmen',93,110,1,4,NULL,161175,'',NULL,266,44100,'',NULL,NULL,'file:///Users/bprewit/Google%20Drive/music/Music/Dos%20Gringos/Live%20At%20Tommy%20Rockers%20(No%20Really,%20It%20Was%20Live)/04%20The%20Wingmen.mp3',5722368,'file:///Users/bprewit/Google%20Drive/music/Music/Dos%20Gringos/Live%20At%20Tommy%20Rockers%20(No%20Really,%20It%20Was%20Live)/04%20The%20Wingmen.mp3','2007',NULL,NULL);
INSERT INTO `songs` (`song_id`, `title`, `artist_id`, `album_id`, `genre_id`, `track`, `duration`, `seconds`, `lyrics`, `comment`, `bitrate`, `samplerate`, `fileformat`, `channels`, `tagtypes`, `filename`, `filesize`, `filepath`, `year`, `uber_rating`, `uber_playcount`) VALUES (202,'Back in the Lpa',93,110,1,5,NULL,188577,'',NULL,274,44100,'',NULL,NULL,'file:///Users/bprewit/Google%20Drive/music/Music/Dos%20Gringos/Live%20At%20Tommy%20Rockers%20(No%20Really,%20It%20Was%20Live)/05%20Back%20in%20the%20Lpa.mp3',6830114,'file:///Users/bprewit/Google%20Drive/music/Music/Dos%20Gringos/Live%20At%20Tommy%20Rockers%20(No%20Really,%20It%20Was%20Live)/05%20Back%20in%20the%20Lpa.mp3','2007',NULL,NULL);
INSERT INTO `songs` (`song_id`, `title`, `artist_id`, `album_id`, `genre_id`, `track`, `duration`, `seconds`, `lyrics`, `comment`, `bitrate`, `samplerate`, `fileformat`, `channels`, `tagtypes`, `filename`, `filesize`, `filepath`, `year`, `uber_rating`, `uber_playcount`) VALUES (203,'Last of the Breed',93,110,1,6,NULL,233743,'',NULL,271,44100,'',NULL,NULL,'file:///Users/bprewit/Google%20Drive/music/Music/Dos%20Gringos/Live%20At%20Tommy%20Rockers%20(No%20Really,%20It%20Was%20Live)/06%20Last%20of%20the%20Breed.mp3',8290304,'file:///Users/bprewit/Google%20Drive/music/Music/Dos%20Gringos/Live%20At%20Tommy%20Rockers%20(No%20Really,%20It%20Was%20Live)/06%20Last%20of%20the%20Breed.mp3','2007',NULL,NULL);
INSERT INTO `songs` (`song_id`, `title`, `artist_id`, `album_id`, `genre_id`, `track`, `duration`, `seconds`, `lyrics`, `comment`, `bitrate`, `samplerate`, `fileformat`, `channels`, `tagtypes`, `filename`, `filesize`, `filepath`, `year`, `uber_rating`, `uber_playcount`) VALUES (204,'The O.N.E. Song',93,110,1,7,NULL,246439,'',NULL,272,44100,'',NULL,NULL,'file:///Users/bprewit/Google%20Drive/music/Music/Dos%20Gringos/Live%20At%20Tommy%20Rockers%20(No%20Really,%20It%20Was%20Live)/07%20The%20O.N.E.%20Song.mp3',8759843,'file:///Users/bprewit/Google%20Drive/music/Music/Dos%20Gringos/Live%20At%20Tommy%20Rockers%20(No%20Really,%20It%20Was%20Live)/07%20The%20O.N.E.%20Song.mp3','2007',NULL,NULL);
INSERT INTO `songs` (`song_id`, `title`, `artist_id`, `album_id`, `genre_id`, `track`, `duration`, `seconds`, `lyrics`, `comment`, `bitrate`, `samplerate`, `fileformat`, `channels`, `tagtypes`, `filename`, `filesize`, `filepath`, `year`, `uber_rating`, `uber_playcount`) VALUES (205,'Tdy Again',93,110,1,8,NULL,123506,'',NULL,263,44100,'',NULL,NULL,'file:///Users/bprewit/Google%20Drive/music/Music/Dos%20Gringos/Live%20At%20Tommy%20Rockers%20(No%20Really,%20It%20Was%20Live)/08%20Tdy%20Again.mp3',4425263,'file:///Users/bprewit/Google%20Drive/music/Music/Dos%20Gringos/Live%20At%20Tommy%20Rockers%20(No%20Really,%20It%20Was%20Live)/08%20Tdy%20Again.mp3','2007',NULL,NULL);
INSERT INTO `songs` (`song_id`, `title`, `artist_id`, `album_id`, `genre_id`, `track`, `duration`, `seconds`, `lyrics`, `comment`, `bitrate`, `samplerate`, `fileformat`, `channels`, `tagtypes`, `filename`, `filesize`, `filepath`, `year`, `uber_rating`, `uber_playcount`) VALUES (206,'My Wife\'s Vibrator',93,110,1,9,NULL,181629,'',NULL,181,44100,'',NULL,NULL,'file:///Users/bprewit/Google%20Drive/music/Music/Dos%20Gringos/Live%20At%20Tommy%20Rockers%20(No%20Really,%20It%20Was%20Live)/09%20My%20Wife\'s%20Vibrator.mp3',4489786,'file:///Users/bprewit/Google%20Drive/music/Music/Dos%20Gringos/Live%20At%20Tommy%20Rockers%20(No%20Really,%20It%20Was%20Live)/09%20My%20Wife\'s%20Vibrator.mp3','2007',NULL,NULL);
INSERT INTO `songs` (`song_id`, `title`, `artist_id`, `album_id`, `genre_id`, `track`, `duration`, `seconds`, `lyrics`, `comment`, `bitrate`, `samplerate`, `fileformat`, `channels`, `tagtypes`, `filename`, `filesize`, `filepath`, `year`, `uber_rating`, `uber_playcount`) VALUES (207,'Predator Eulogy',93,110,1,11,NULL,203154,'',NULL,274,44100,'',NULL,NULL,'file:///Users/bprewit/Google%20Drive/music/Music/Dos%20Gringos/Live%20At%20Tommy%20Rockers%20(No%20Really,%20It%20Was%20Live)/11%20Predator%20Eulogy.mp3',7333960,'file:///Users/bprewit/Google%20Drive/music/Music/Dos%20Gringos/Live%20At%20Tommy%20Rockers%20(No%20Really,%20It%20Was%20Live)/11%20Predator%20Eulogy.mp3','2007',NULL,NULL);
INSERT INTO `songs` (`song_id`, `title`, `artist_id`, `album_id`, `genre_id`, `track`, `duration`, `seconds`, `lyrics`, `comment`, `bitrate`, `samplerate`, `fileformat`, `channels`, `tagtypes`, `filename`, `filesize`, `filepath`, `year`, `uber_rating`, `uber_playcount`) VALUES (208,'Squiggly Porn',93,110,1,12,NULL,121521,'',NULL,243,44100,'',NULL,NULL,'file:///Users/bprewit/Google%20Drive/music/Music/Dos%20Gringos/Live%20At%20Tommy%20Rockers%20(No%20Really,%20It%20Was%20Live)/12%20Squiggly%20Porn.mp3',4065287,'file:///Users/bprewit/Google%20Drive/music/Music/Dos%20Gringos/Live%20At%20Tommy%20Rockers%20(No%20Really,%20It%20Was%20Live)/12%20Squiggly%20Porn.mp3','2007',NULL,NULL);
INSERT INTO `songs` (`song_id`, `title`, `artist_id`, `album_id`, `genre_id`, `track`, `duration`, `seconds`, `lyrics`, `comment`, `bitrate`, `samplerate`, `fileformat`, `channels`, `tagtypes`, `filename`, `filesize`, `filepath`, `year`, `uber_rating`, `uber_playcount`) VALUES (209,'Hltc',93,110,1,13,NULL,204591,'',NULL,265,44100,'',NULL,NULL,'file:///Users/bprewit/Google%20Drive/music/Music/Dos%20Gringos/Live%20At%20Tommy%20Rockers%20(No%20Really,%20It%20Was%20Live)/13%20Hltc.mp3',7153995,'file:///Users/bprewit/Google%20Drive/music/Music/Dos%20Gringos/Live%20At%20Tommy%20Rockers%20(No%20Really,%20It%20Was%20Live)/13%20Hltc.mp3','2007',NULL,NULL);
INSERT INTO `songs` (`song_id`, `title`, `artist_id`, `album_id`, `genre_id`, `track`, `duration`, `seconds`, `lyrics`, `comment`, `bitrate`, `samplerate`, `fileformat`, `channels`, `tagtypes`, `filename`, `filesize`, `filepath`, `year`, `uber_rating`, `uber_playcount`) VALUES (210,'The Bitch Spent All My Money',93,110,1,14,NULL,228858,'',NULL,258,44100,'',NULL,NULL,'file:///Users/bprewit/Google%20Drive/music/Music/Dos%20Gringos/Live%20At%20Tommy%20Rockers%20(No%20Really,%20It%20Was%20Live)/14%20The%20Bitch%20Spent%20All%20My%20Money.mp3',7752197,'file:///Users/bprewit/Google%20Drive/music/Music/Dos%20Gringos/Live%20At%20Tommy%20Rockers%20(No%20Really,%20It%20Was%20Live)/14%20The%20Bitch%20Spent%20All%20My%20Money.mp3','2007',NULL,NULL);
INSERT INTO `songs` (`song_id`, `title`, `artist_id`, `album_id`, `genre_id`, `track`, `duration`, `seconds`, `lyrics`, `comment`, `bitrate`, `samplerate`, `fileformat`, `channels`, `tagtypes`, `filename`, `filesize`, `filepath`, `year`, `uber_rating`, `uber_playcount`) VALUES (211,'Jeremiah Weed',93,110,1,15,NULL,195526,'',NULL,267,44100,'',NULL,NULL,'file:///Users/bprewit/Google%20Drive/music/Music/Dos%20Gringos/Live%20At%20Tommy%20Rockers%20(No%20Really,%20It%20Was%20Live)/15%20Jeremiah%20Weed.mp3',6894820,'file:///Users/bprewit/Google%20Drive/music/Music/Dos%20Gringos/Live%20At%20Tommy%20Rockers%20(No%20Really,%20It%20Was%20Live)/15%20Jeremiah%20Weed.mp3','2007',NULL,NULL);
INSERT INTO `songs` (`song_id`, `title`, `artist_id`, `album_id`, `genre_id`, `track`, `duration`, `seconds`, `lyrics`, `comment`, `bitrate`, `samplerate`, `fileformat`, `channels`, `tagtypes`, `filename`, `filesize`, `filepath`, `year`, `uber_rating`, `uber_playcount`) VALUES (212,'The Legend of Shaved Dog\'s Ass',93,110,1,16,NULL,358582,'',NULL,271,44100,'',NULL,NULL,'file:///Users/bprewit/Google%20Drive/music/Music/Dos%20Gringos/Live%20At%20Tommy%20Rockers%20(No%20Really,%20It%20Was%20Live)/16%20The%20Legend%20of%20Shaved%20Dog\'s%20Ass.mp3',12529026,'file:///Users/bprewit/Google%20Drive/music/Music/Dos%20Gringos/Live%20At%20Tommy%20Rockers%20(No%20Really,%20It%20Was%20Live)/16%20The%20Legend%20of%20Shaved%20Dog\'s%20Ass.mp3','2007',NULL,NULL);
INSERT INTO `songs` (`song_id`, `title`, `artist_id`, `album_id`, `genre_id`, `track`, `duration`, `seconds`, `lyrics`, `comment`, `bitrate`, `samplerate`, `fileformat`, `channels`, `tagtypes`, `filename`, `filesize`, `filepath`, `year`, `uber_rating`, `uber_playcount`) VALUES (213,'I\'m a Pilot',93,110,1,17,NULL,354507,'',NULL,272,44100,'',NULL,NULL,'file:///Users/bprewit/Google%20Drive/music/Music/Dos%20Gringos/Live%20At%20Tommy%20Rockers%20(No%20Really,%20It%20Was%20Live)/17%20I\'m%20a%20Pilot.mp3',12439196,'file:///Users/bprewit/Google%20Drive/music/Music/Dos%20Gringos/Live%20At%20Tommy%20Rockers%20(No%20Really,%20It%20Was%20Live)/17%20I\'m%20a%20Pilot.mp3','2007',NULL,NULL);
INSERT INTO `songs` (`song_id`, `title`, `artist_id`, `album_id`, `genre_id`, `track`, `duration`, `seconds`, `lyrics`, `comment`, `bitrate`, `samplerate`, `fileformat`, `channels`, `tagtypes`, `filename`, `filesize`, `filepath`, `year`, `uber_rating`, `uber_playcount`) VALUES (214,'2\'s Blind',93,110,1,18,NULL,365949,'',NULL,273,44100,'',NULL,NULL,'file:///Users/bprewit/Google%20Drive/music/Music/Dos%20Gringos/Live%20At%20Tommy%20Rockers%20(No%20Really,%20It%20Was%20Live)/18%202\'s%20Blind.mp3',12872392,'file:///Users/bprewit/Google%20Drive/music/Music/Dos%20Gringos/Live%20At%20Tommy%20Rockers%20(No%20Really,%20It%20Was%20Live)/18%202\'s%20Blind.mp3','2007',NULL,NULL);
INSERT INTO `songs` (`song_id`, `title`, `artist_id`, `album_id`, `genre_id`, `track`, `duration`, `seconds`, `lyrics`, `comment`, `bitrate`, `samplerate`, `fileformat`, `channels`, `tagtypes`, `filename`, `filesize`, `filepath`, `year`, `uber_rating`, `uber_playcount`) VALUES (215,'Sleep Like a Baby Tonight',94,111,1,9,NULL,301641,'',NULL,256,44100,'',NULL,NULL,NULL,10414554,NULL,'2014',NULL,NULL);
INSERT INTO `songs` (`song_id`, `title`, `artist_id`, `album_id`, `genre_id`, `track`, `duration`, `seconds`, `lyrics`, `comment`, `bitrate`, `samplerate`, `fileformat`, `channels`, `tagtypes`, `filename`, `filesize`, `filepath`, `year`, `uber_rating`, `uber_playcount`) VALUES (216,'Volcano',94,111,1,6,NULL,194116,'',NULL,256,44100,'',NULL,NULL,NULL,6904386,NULL,'2014',NULL,NULL);
INSERT INTO `songs` (`song_id`, `title`, `artist_id`, `album_id`, `genre_id`, `track`, `duration`, `seconds`, `lyrics`, `comment`, `bitrate`, `samplerate`, `fileformat`, `channels`, `tagtypes`, `filename`, `filesize`, `filepath`, `year`, `uber_rating`, `uber_playcount`) VALUES (217,'Cedarwood Road',94,111,1,8,NULL,265268,'',NULL,256,44100,'',NULL,NULL,NULL,9336108,NULL,'2014',NULL,NULL);
INSERT INTO `songs` (`song_id`, `title`, `artist_id`, `album_id`, `genre_id`, `track`, `duration`, `seconds`, `lyrics`, `comment`, `bitrate`, `samplerate`, `fileformat`, `channels`, `tagtypes`, `filename`, `filesize`, `filepath`, `year`, `uber_rating`, `uber_playcount`) VALUES (218,'Interstellar',95,29,22,NULL,NULL,10149605,'',NULL,NULL,NULL,'',NULL,NULL,NULL,6698982326,NULL,'2014',NULL,1);
INSERT INTO `songs` (`song_id`, `title`, `artist_id`, `album_id`, `genre_id`, `track`, `duration`, `seconds`, `lyrics`, `comment`, `bitrate`, `samplerate`, `fileformat`, `channels`, `tagtypes`, `filename`, `filesize`, `filepath`, `year`, `uber_rating`, `uber_playcount`) VALUES (219,'Raised By Wolves',94,111,1,7,NULL,245599,'',NULL,256,44100,'',NULL,NULL,NULL,8636426,NULL,'2014',NULL,NULL);
INSERT INTO `songs` (`song_id`, `title`, `artist_id`, `album_id`, `genre_id`, `track`, `duration`, `seconds`, `lyrics`, `comment`, `bitrate`, `samplerate`, `fileformat`, `channels`, `tagtypes`, `filename`, `filesize`, `filepath`, `year`, `uber_rating`, `uber_playcount`) VALUES (220,'The Troubles',94,111,1,11,NULL,285843,'',NULL,256,44100,'',NULL,NULL,NULL,9928436,NULL,'2014',NULL,NULL);
INSERT INTO `songs` (`song_id`, `title`, `artist_id`, `album_id`, `genre_id`, `track`, `duration`, `seconds`, `lyrics`, `comment`, `bitrate`, `samplerate`, `fileformat`, `channels`, `tagtypes`, `filename`, `filesize`, `filepath`, `year`, `uber_rating`, `uber_playcount`) VALUES (221,'This Is Where You Can Reach Me Now',94,111,1,10,NULL,305134,'',NULL,256,44100,'',NULL,NULL,NULL,10715123,NULL,'2014',NULL,NULL);
INSERT INTO `songs` (`song_id`, `title`, `artist_id`, `album_id`, `genre_id`, `track`, `duration`, `seconds`, `lyrics`, `comment`, `bitrate`, `samplerate`, `fileformat`, `channels`, `tagtypes`, `filename`, `filesize`, `filepath`, `year`, `uber_rating`, `uber_playcount`) VALUES (222,'California (There Is No End to Love)',94,111,1,3,NULL,239846,'',NULL,256,44100,'',NULL,NULL,NULL,8465279,NULL,'2014',NULL,NULL);
INSERT INTO `songs` (`song_id`, `title`, `artist_id`, `album_id`, `genre_id`, `track`, `duration`, `seconds`, `lyrics`, `comment`, `bitrate`, `samplerate`, `fileformat`, `channels`, `tagtypes`, `filename`, `filesize`, `filepath`, `year`, `uber_rating`, `uber_playcount`) VALUES (223,'Every Breaking Wave',94,111,1,2,NULL,252162,'',NULL,256,44100,'',NULL,NULL,NULL,8842208,NULL,'2014',NULL,NULL);
INSERT INTO `songs` (`song_id`, `title`, `artist_id`, `album_id`, `genre_id`, `track`, `duration`, `seconds`, `lyrics`, `comment`, `bitrate`, `samplerate`, `fileformat`, `channels`, `tagtypes`, `filename`, `filesize`, `filepath`, `year`, `uber_rating`, `uber_playcount`) VALUES (224,'Song for Someone',94,111,1,4,NULL,226763,'',NULL,256,44100,'',NULL,NULL,NULL,8024225,NULL,'2014',NULL,NULL);
INSERT INTO `songs` (`song_id`, `title`, `artist_id`, `album_id`, `genre_id`, `track`, `duration`, `seconds`, `lyrics`, `comment`, `bitrate`, `samplerate`, `fileformat`, `channels`, `tagtypes`, `filename`, `filesize`, `filepath`, `year`, `uber_rating`, `uber_playcount`) VALUES (225,'The Miracle (Of Joey Ramone)',94,111,1,1,NULL,255382,'',NULL,256,44100,'',NULL,NULL,NULL,9300291,NULL,'2014',NULL,NULL);
INSERT INTO `songs` (`song_id`, `title`, `artist_id`, `album_id`, `genre_id`, `track`, `duration`, `seconds`, `lyrics`, `comment`, `bitrate`, `samplerate`, `fileformat`, `channels`, `tagtypes`, `filename`, `filesize`, `filepath`, `year`, `uber_rating`, `uber_playcount`) VALUES (226,'Bring Me to Life',96,112,1,2,NULL,235893,'',NULL,256,44100,'',NULL,NULL,NULL,8595751,NULL,'2003',NULL,NULL);
INSERT INTO `songs` (`song_id`, `title`, `artist_id`, `album_id`, `genre_id`, `track`, `duration`, `seconds`, `lyrics`, `comment`, `bitrate`, `samplerate`, `fileformat`, `channels`, `tagtypes`, `filename`, `filesize`, `filepath`, `year`, `uber_rating`, `uber_playcount`) VALUES (227,'Iris (Hold Me Close)',94,111,1,5,NULL,319457,'',NULL,256,44100,'',NULL,NULL,NULL,11149865,NULL,'2014',NULL,NULL);
INSERT INTO `songs` (`song_id`, `title`, `artist_id`, `album_id`, `genre_id`, `track`, `duration`, `seconds`, `lyrics`, `comment`, `bitrate`, `samplerate`, `fileformat`, `channels`, `tagtypes`, `filename`, `filesize`, `filepath`, `year`, `uber_rating`, `uber_playcount`) VALUES (228,'Paralyzer',97,113,13,1,NULL,208107,'',NULL,256,44100,'',NULL,NULL,NULL,7768870,NULL,'2007',NULL,NULL);
/*!40000 ALTER TABLE `songs` ENABLE KEYS */;
UNLOCK TABLES;

--
-- Dumping data for table `user_albums`
--

LOCK TABLES `user_albums` WRITE;
/*!40000 ALTER TABLE `user_albums` DISABLE KEYS */;
INSERT INTO `user_albums` (`user_id`, `album_id`) VALUES (1,16);
INSERT INTO `user_albums` (`user_id`, `album_id`) VALUES (1,29);
INSERT INTO `user_albums` (`user_id`, `album_id`) VALUES (1,33);
INSERT INTO `user_albums` (`user_id`, `album_id`) VALUES (1,34);
INSERT INTO `user_albums` (`user_id`, `album_id`) VALUES (1,36);
INSERT INTO `user_albums` (`user_id`, `album_id`) VALUES (1,69);
INSERT INTO `user_albums` (`user_id`, `album_id`) VALUES (1,79);
INSERT INTO `user_albums` (`user_id`, `album_id`) VALUES (1,95);
INSERT INTO `user_albums` (`user_id`, `album_id`) VALUES (1,100);
INSERT INTO `user_albums` (`user_id`, `album_id`) VALUES (1,65);
INSERT INTO `user_albums` (`user_id`, `album_id`) VALUES (1,103);
INSERT INTO `user_albums` (`user_id`, `album_id`) VALUES (1,75);
INSERT INTO `user_albums` (`user_id`, `album_id`) VALUES (1,106);
INSERT INTO `user_albums` (`user_id`, `album_id`) VALUES (1,40);
INSERT INTO `user_albums` (`user_id`, `album_id`) VALUES (1,10);
INSERT INTO `user_albums` (`user_id`, `album_id`) VALUES (1,53);
INSERT INTO `user_albums` (`user_id`, `album_id`) VALUES (1,3);
INSERT INTO `user_albums` (`user_id`, `album_id`) VALUES (1,73);
INSERT INTO `user_albums` (`user_id`, `album_id`) VALUES (1,61);
INSERT INTO `user_albums` (`user_id`, `album_id`) VALUES (1,19);
INSERT INTO `user_albums` (`user_id`, `album_id`) VALUES (1,85);
INSERT INTO `user_albums` (`user_id`, `album_id`) VALUES (1,105);
INSERT INTO `user_albums` (`user_id`, `album_id`) VALUES (1,21);
INSERT INTO `user_albums` (`user_id`, `album_id`) VALUES (1,41);
INSERT INTO `user_albums` (`user_id`, `album_id`) VALUES (1,12);
INSERT INTO `user_albums` (`user_id`, `album_id`) VALUES (1,57);
INSERT INTO `user_albums` (`user_id`, `album_id`) VALUES (1,63);
INSERT INTO `user_albums` (`user_id`, `album_id`) VALUES (1,58);
INSERT INTO `user_albums` (`user_id`, `album_id`) VALUES (1,74);
INSERT INTO `user_albums` (`user_id`, `album_id`) VALUES (1,28);
INSERT INTO `user_albums` (`user_id`, `album_id`) VALUES (1,56);
INSERT INTO `user_albums` (`user_id`, `album_id`) VALUES (1,1);
INSERT INTO `user_albums` (`user_id`, `album_id`) VALUES (1,7);
INSERT INTO `user_albums` (`user_id`, `album_id`) VALUES (1,54);
INSERT INTO `user_albums` (`user_id`, `album_id`) VALUES (1,20);
INSERT INTO `user_albums` (`user_id`, `album_id`) VALUES (1,23);
INSERT INTO `user_albums` (`user_id`, `album_id`) VALUES (1,26);
INSERT INTO `user_albums` (`user_id`, `album_id`) VALUES (1,39);
INSERT INTO `user_albums` (`user_id`, `album_id`) VALUES (1,32);
INSERT INTO `user_albums` (`user_id`, `album_id`) VALUES (1,50);
INSERT INTO `user_albums` (`user_id`, `album_id`) VALUES (1,101);
INSERT INTO `user_albums` (`user_id`, `album_id`) VALUES (1,70);
INSERT INTO `user_albums` (`user_id`, `album_id`) VALUES (1,17);
INSERT INTO `user_albums` (`user_id`, `album_id`) VALUES (1,44);
INSERT INTO `user_albums` (`user_id`, `album_id`) VALUES (1,22);
INSERT INTO `user_albums` (`user_id`, `album_id`) VALUES (1,30);
INSERT INTO `user_albums` (`user_id`, `album_id`) VALUES (1,51);
INSERT INTO `user_albums` (`user_id`, `album_id`) VALUES (1,67);
INSERT INTO `user_albums` (`user_id`, `album_id`) VALUES (1,97);
INSERT INTO `user_albums` (`user_id`, `album_id`) VALUES (1,98);
INSERT INTO `user_albums` (`user_id`, `album_id`) VALUES (1,4);
INSERT INTO `user_albums` (`user_id`, `album_id`) VALUES (1,9);
INSERT INTO `user_albums` (`user_id`, `album_id`) VALUES (1,45);
INSERT INTO `user_albums` (`user_id`, `album_id`) VALUES (1,96);
INSERT INTO `user_albums` (`user_id`, `album_id`) VALUES (1,25);
INSERT INTO `user_albums` (`user_id`, `album_id`) VALUES (1,77);
INSERT INTO `user_albums` (`user_id`, `album_id`) VALUES (1,80);
INSERT INTO `user_albums` (`user_id`, `album_id`) VALUES (1,83);
INSERT INTO `user_albums` (`user_id`, `album_id`) VALUES (1,86);
INSERT INTO `user_albums` (`user_id`, `album_id`) VALUES (1,102);
INSERT INTO `user_albums` (`user_id`, `album_id`) VALUES (1,31);
INSERT INTO `user_albums` (`user_id`, `album_id`) VALUES (1,43);
INSERT INTO `user_albums` (`user_id`, `album_id`) VALUES (1,47);
INSERT INTO `user_albums` (`user_id`, `album_id`) VALUES (1,62);
INSERT INTO `user_albums` (`user_id`, `album_id`) VALUES (1,88);
INSERT INTO `user_albums` (`user_id`, `album_id`) VALUES (1,6);
INSERT INTO `user_albums` (`user_id`, `album_id`) VALUES (1,11);
INSERT INTO `user_albums` (`user_id`, `album_id`) VALUES (1,27);
INSERT INTO `user_albums` (`user_id`, `album_id`) VALUES (1,37);
INSERT INTO `user_albums` (`user_id`, `album_id`) VALUES (1,14);
INSERT INTO `user_albums` (`user_id`, `album_id`) VALUES (1,35);
INSERT INTO `user_albums` (`user_id`, `album_id`) VALUES (1,55);
INSERT INTO `user_albums` (`user_id`, `album_id`) VALUES (1,66);
INSERT INTO `user_albums` (`user_id`, `album_id`) VALUES (1,81);
INSERT INTO `user_albums` (`user_id`, `album_id`) VALUES (1,89);
INSERT INTO `user_albums` (`user_id`, `album_id`) VALUES (1,2);
INSERT INTO `user_albums` (`user_id`, `album_id`) VALUES (1,8);
INSERT INTO `user_albums` (`user_id`, `album_id`) VALUES (1,46);
INSERT INTO `user_albums` (`user_id`, `album_id`) VALUES (1,60);
INSERT INTO `user_albums` (`user_id`, `album_id`) VALUES (1,76);
INSERT INTO `user_albums` (`user_id`, `album_id`) VALUES (1,104);
INSERT INTO `user_albums` (`user_id`, `album_id`) VALUES (1,52);
INSERT INTO `user_albums` (`user_id`, `album_id`) VALUES (1,59);
INSERT INTO `user_albums` (`user_id`, `album_id`) VALUES (1,71);
INSERT INTO `user_albums` (`user_id`, `album_id`) VALUES (1,93);
INSERT INTO `user_albums` (`user_id`, `album_id`) VALUES (1,38);
INSERT INTO `user_albums` (`user_id`, `album_id`) VALUES (1,49);
INSERT INTO `user_albums` (`user_id`, `album_id`) VALUES (1,82);
INSERT INTO `user_albums` (`user_id`, `album_id`) VALUES (1,84);
INSERT INTO `user_albums` (`user_id`, `album_id`) VALUES (1,91);
INSERT INTO `user_albums` (`user_id`, `album_id`) VALUES (1,15);
INSERT INTO `user_albums` (`user_id`, `album_id`) VALUES (1,78);
INSERT INTO `user_albums` (`user_id`, `album_id`) VALUES (1,87);
INSERT INTO `user_albums` (`user_id`, `album_id`) VALUES (1,90);
INSERT INTO `user_albums` (`user_id`, `album_id`) VALUES (1,92);
INSERT INTO `user_albums` (`user_id`, `album_id`) VALUES (1,109);
INSERT INTO `user_albums` (`user_id`, `album_id`) VALUES (1,112);
INSERT INTO `user_albums` (`user_id`, `album_id`) VALUES (1,5);
INSERT INTO `user_albums` (`user_id`, `album_id`) VALUES (1,94);
INSERT INTO `user_albums` (`user_id`, `album_id`) VALUES (1,42);
INSERT INTO `user_albums` (`user_id`, `album_id`) VALUES (1,48);
INSERT INTO `user_albums` (`user_id`, `album_id`) VALUES (1,72);
INSERT INTO `user_albums` (`user_id`, `album_id`) VALUES (1,13);
INSERT INTO `user_albums` (`user_id`, `album_id`) VALUES (1,24);
INSERT INTO `user_albums` (`user_id`, `album_id`) VALUES (1,64);
INSERT INTO `user_albums` (`user_id`, `album_id`) VALUES (1,99);
INSERT INTO `user_albums` (`user_id`, `album_id`) VALUES (1,107);
INSERT INTO `user_albums` (`user_id`, `album_id`) VALUES (1,68);
INSERT INTO `user_albums` (`user_id`, `album_id`) VALUES (1,110);
INSERT INTO `user_albums` (`user_id`, `album_id`) VALUES (1,113);
INSERT INTO `user_albums` (`user_id`, `album_id`) VALUES (1,18);
INSERT INTO `user_albums` (`user_id`, `album_id`) VALUES (1,108);
INSERT INTO `user_albums` (`user_id`, `album_id`) VALUES (1,111);
INSERT INTO `user_albums` (`user_id`, `album_id`) VALUES (1,16);
INSERT INTO `user_albums` (`user_id`, `album_id`) VALUES (1,29);
INSERT INTO `user_albums` (`user_id`, `album_id`) VALUES (1,33);
INSERT INTO `user_albums` (`user_id`, `album_id`) VALUES (1,34);
INSERT INTO `user_albums` (`user_id`, `album_id`) VALUES (1,36);
INSERT INTO `user_albums` (`user_id`, `album_id`) VALUES (1,69);
INSERT INTO `user_albums` (`user_id`, `album_id`) VALUES (1,79);
INSERT INTO `user_albums` (`user_id`, `album_id`) VALUES (1,95);
INSERT INTO `user_albums` (`user_id`, `album_id`) VALUES (1,100);
INSERT INTO `user_albums` (`user_id`, `album_id`) VALUES (1,65);
INSERT INTO `user_albums` (`user_id`, `album_id`) VALUES (1,103);
INSERT INTO `user_albums` (`user_id`, `album_id`) VALUES (1,75);
INSERT INTO `user_albums` (`user_id`, `album_id`) VALUES (1,106);
INSERT INTO `user_albums` (`user_id`, `album_id`) VALUES (1,40);
INSERT INTO `user_albums` (`user_id`, `album_id`) VALUES (1,10);
INSERT INTO `user_albums` (`user_id`, `album_id`) VALUES (1,53);
INSERT INTO `user_albums` (`user_id`, `album_id`) VALUES (1,3);
INSERT INTO `user_albums` (`user_id`, `album_id`) VALUES (1,73);
INSERT INTO `user_albums` (`user_id`, `album_id`) VALUES (1,61);
INSERT INTO `user_albums` (`user_id`, `album_id`) VALUES (1,19);
INSERT INTO `user_albums` (`user_id`, `album_id`) VALUES (1,85);
INSERT INTO `user_albums` (`user_id`, `album_id`) VALUES (1,105);
INSERT INTO `user_albums` (`user_id`, `album_id`) VALUES (1,21);
INSERT INTO `user_albums` (`user_id`, `album_id`) VALUES (1,41);
INSERT INTO `user_albums` (`user_id`, `album_id`) VALUES (1,12);
INSERT INTO `user_albums` (`user_id`, `album_id`) VALUES (1,57);
INSERT INTO `user_albums` (`user_id`, `album_id`) VALUES (1,63);
INSERT INTO `user_albums` (`user_id`, `album_id`) VALUES (1,58);
INSERT INTO `user_albums` (`user_id`, `album_id`) VALUES (1,74);
INSERT INTO `user_albums` (`user_id`, `album_id`) VALUES (1,28);
INSERT INTO `user_albums` (`user_id`, `album_id`) VALUES (1,56);
INSERT INTO `user_albums` (`user_id`, `album_id`) VALUES (1,1);
INSERT INTO `user_albums` (`user_id`, `album_id`) VALUES (1,7);
INSERT INTO `user_albums` (`user_id`, `album_id`) VALUES (1,54);
INSERT INTO `user_albums` (`user_id`, `album_id`) VALUES (1,20);
INSERT INTO `user_albums` (`user_id`, `album_id`) VALUES (1,23);
INSERT INTO `user_albums` (`user_id`, `album_id`) VALUES (1,26);
INSERT INTO `user_albums` (`user_id`, `album_id`) VALUES (1,39);
INSERT INTO `user_albums` (`user_id`, `album_id`) VALUES (1,32);
INSERT INTO `user_albums` (`user_id`, `album_id`) VALUES (1,50);
INSERT INTO `user_albums` (`user_id`, `album_id`) VALUES (1,101);
INSERT INTO `user_albums` (`user_id`, `album_id`) VALUES (1,70);
INSERT INTO `user_albums` (`user_id`, `album_id`) VALUES (1,17);
INSERT INTO `user_albums` (`user_id`, `album_id`) VALUES (1,44);
INSERT INTO `user_albums` (`user_id`, `album_id`) VALUES (1,22);
INSERT INTO `user_albums` (`user_id`, `album_id`) VALUES (1,30);
INSERT INTO `user_albums` (`user_id`, `album_id`) VALUES (1,51);
INSERT INTO `user_albums` (`user_id`, `album_id`) VALUES (1,67);
INSERT INTO `user_albums` (`user_id`, `album_id`) VALUES (1,97);
INSERT INTO `user_albums` (`user_id`, `album_id`) VALUES (1,98);
INSERT INTO `user_albums` (`user_id`, `album_id`) VALUES (1,4);
INSERT INTO `user_albums` (`user_id`, `album_id`) VALUES (1,9);
INSERT INTO `user_albums` (`user_id`, `album_id`) VALUES (1,45);
INSERT INTO `user_albums` (`user_id`, `album_id`) VALUES (1,96);
INSERT INTO `user_albums` (`user_id`, `album_id`) VALUES (1,25);
INSERT INTO `user_albums` (`user_id`, `album_id`) VALUES (1,77);
INSERT INTO `user_albums` (`user_id`, `album_id`) VALUES (1,80);
INSERT INTO `user_albums` (`user_id`, `album_id`) VALUES (1,83);
INSERT INTO `user_albums` (`user_id`, `album_id`) VALUES (1,86);
INSERT INTO `user_albums` (`user_id`, `album_id`) VALUES (1,102);
INSERT INTO `user_albums` (`user_id`, `album_id`) VALUES (1,31);
INSERT INTO `user_albums` (`user_id`, `album_id`) VALUES (1,43);
INSERT INTO `user_albums` (`user_id`, `album_id`) VALUES (1,47);
INSERT INTO `user_albums` (`user_id`, `album_id`) VALUES (1,62);
INSERT INTO `user_albums` (`user_id`, `album_id`) VALUES (1,88);
INSERT INTO `user_albums` (`user_id`, `album_id`) VALUES (1,6);
INSERT INTO `user_albums` (`user_id`, `album_id`) VALUES (1,11);
INSERT INTO `user_albums` (`user_id`, `album_id`) VALUES (1,27);
INSERT INTO `user_albums` (`user_id`, `album_id`) VALUES (1,37);
INSERT INTO `user_albums` (`user_id`, `album_id`) VALUES (1,14);
INSERT INTO `user_albums` (`user_id`, `album_id`) VALUES (1,35);
INSERT INTO `user_albums` (`user_id`, `album_id`) VALUES (1,55);
INSERT INTO `user_albums` (`user_id`, `album_id`) VALUES (1,66);
INSERT INTO `user_albums` (`user_id`, `album_id`) VALUES (1,81);
INSERT INTO `user_albums` (`user_id`, `album_id`) VALUES (1,89);
INSERT INTO `user_albums` (`user_id`, `album_id`) VALUES (1,2);
INSERT INTO `user_albums` (`user_id`, `album_id`) VALUES (1,8);
INSERT INTO `user_albums` (`user_id`, `album_id`) VALUES (1,46);
INSERT INTO `user_albums` (`user_id`, `album_id`) VALUES (1,60);
INSERT INTO `user_albums` (`user_id`, `album_id`) VALUES (1,76);
INSERT INTO `user_albums` (`user_id`, `album_id`) VALUES (1,104);
INSERT INTO `user_albums` (`user_id`, `album_id`) VALUES (1,52);
INSERT INTO `user_albums` (`user_id`, `album_id`) VALUES (1,59);
INSERT INTO `user_albums` (`user_id`, `album_id`) VALUES (1,71);
INSERT INTO `user_albums` (`user_id`, `album_id`) VALUES (1,93);
INSERT INTO `user_albums` (`user_id`, `album_id`) VALUES (1,38);
INSERT INTO `user_albums` (`user_id`, `album_id`) VALUES (1,49);
INSERT INTO `user_albums` (`user_id`, `album_id`) VALUES (1,82);
INSERT INTO `user_albums` (`user_id`, `album_id`) VALUES (1,84);
INSERT INTO `user_albums` (`user_id`, `album_id`) VALUES (1,91);
INSERT INTO `user_albums` (`user_id`, `album_id`) VALUES (1,15);
INSERT INTO `user_albums` (`user_id`, `album_id`) VALUES (1,78);
INSERT INTO `user_albums` (`user_id`, `album_id`) VALUES (1,87);
INSERT INTO `user_albums` (`user_id`, `album_id`) VALUES (1,90);
INSERT INTO `user_albums` (`user_id`, `album_id`) VALUES (1,92);
INSERT INTO `user_albums` (`user_id`, `album_id`) VALUES (1,109);
INSERT INTO `user_albums` (`user_id`, `album_id`) VALUES (1,112);
INSERT INTO `user_albums` (`user_id`, `album_id`) VALUES (1,5);
INSERT INTO `user_albums` (`user_id`, `album_id`) VALUES (1,94);
INSERT INTO `user_albums` (`user_id`, `album_id`) VALUES (1,42);
INSERT INTO `user_albums` (`user_id`, `album_id`) VALUES (1,48);
INSERT INTO `user_albums` (`user_id`, `album_id`) VALUES (1,72);
INSERT INTO `user_albums` (`user_id`, `album_id`) VALUES (1,13);
INSERT INTO `user_albums` (`user_id`, `album_id`) VALUES (1,24);
INSERT INTO `user_albums` (`user_id`, `album_id`) VALUES (1,64);
INSERT INTO `user_albums` (`user_id`, `album_id`) VALUES (1,99);
INSERT INTO `user_albums` (`user_id`, `album_id`) VALUES (1,107);
INSERT INTO `user_albums` (`user_id`, `album_id`) VALUES (1,68);
INSERT INTO `user_albums` (`user_id`, `album_id`) VALUES (1,110);
INSERT INTO `user_albums` (`user_id`, `album_id`) VALUES (1,113);
INSERT INTO `user_albums` (`user_id`, `album_id`) VALUES (1,18);
INSERT INTO `user_albums` (`user_id`, `album_id`) VALUES (1,108);
INSERT INTO `user_albums` (`user_id`, `album_id`) VALUES (1,111);
INSERT INTO `user_albums` (`user_id`, `album_id`) VALUES (1,16);
INSERT INTO `user_albums` (`user_id`, `album_id`) VALUES (1,29);
INSERT INTO `user_albums` (`user_id`, `album_id`) VALUES (1,33);
INSERT INTO `user_albums` (`user_id`, `album_id`) VALUES (1,34);
INSERT INTO `user_albums` (`user_id`, `album_id`) VALUES (1,36);
INSERT INTO `user_albums` (`user_id`, `album_id`) VALUES (1,69);
INSERT INTO `user_albums` (`user_id`, `album_id`) VALUES (1,79);
INSERT INTO `user_albums` (`user_id`, `album_id`) VALUES (1,95);
INSERT INTO `user_albums` (`user_id`, `album_id`) VALUES (1,100);
INSERT INTO `user_albums` (`user_id`, `album_id`) VALUES (1,65);
INSERT INTO `user_albums` (`user_id`, `album_id`) VALUES (1,103);
INSERT INTO `user_albums` (`user_id`, `album_id`) VALUES (1,75);
INSERT INTO `user_albums` (`user_id`, `album_id`) VALUES (1,106);
INSERT INTO `user_albums` (`user_id`, `album_id`) VALUES (1,40);
INSERT INTO `user_albums` (`user_id`, `album_id`) VALUES (1,10);
INSERT INTO `user_albums` (`user_id`, `album_id`) VALUES (1,53);
INSERT INTO `user_albums` (`user_id`, `album_id`) VALUES (1,3);
INSERT INTO `user_albums` (`user_id`, `album_id`) VALUES (1,73);
INSERT INTO `user_albums` (`user_id`, `album_id`) VALUES (1,61);
INSERT INTO `user_albums` (`user_id`, `album_id`) VALUES (1,19);
INSERT INTO `user_albums` (`user_id`, `album_id`) VALUES (1,85);
INSERT INTO `user_albums` (`user_id`, `album_id`) VALUES (1,105);
INSERT INTO `user_albums` (`user_id`, `album_id`) VALUES (1,21);
INSERT INTO `user_albums` (`user_id`, `album_id`) VALUES (1,41);
INSERT INTO `user_albums` (`user_id`, `album_id`) VALUES (1,12);
INSERT INTO `user_albums` (`user_id`, `album_id`) VALUES (1,57);
INSERT INTO `user_albums` (`user_id`, `album_id`) VALUES (1,63);
INSERT INTO `user_albums` (`user_id`, `album_id`) VALUES (1,58);
INSERT INTO `user_albums` (`user_id`, `album_id`) VALUES (1,74);
INSERT INTO `user_albums` (`user_id`, `album_id`) VALUES (1,28);
INSERT INTO `user_albums` (`user_id`, `album_id`) VALUES (1,56);
INSERT INTO `user_albums` (`user_id`, `album_id`) VALUES (1,1);
INSERT INTO `user_albums` (`user_id`, `album_id`) VALUES (1,7);
INSERT INTO `user_albums` (`user_id`, `album_id`) VALUES (1,54);
INSERT INTO `user_albums` (`user_id`, `album_id`) VALUES (1,20);
INSERT INTO `user_albums` (`user_id`, `album_id`) VALUES (1,23);
INSERT INTO `user_albums` (`user_id`, `album_id`) VALUES (1,26);
INSERT INTO `user_albums` (`user_id`, `album_id`) VALUES (1,39);
INSERT INTO `user_albums` (`user_id`, `album_id`) VALUES (1,32);
INSERT INTO `user_albums` (`user_id`, `album_id`) VALUES (1,50);
INSERT INTO `user_albums` (`user_id`, `album_id`) VALUES (1,101);
INSERT INTO `user_albums` (`user_id`, `album_id`) VALUES (1,70);
INSERT INTO `user_albums` (`user_id`, `album_id`) VALUES (1,17);
INSERT INTO `user_albums` (`user_id`, `album_id`) VALUES (1,44);
INSERT INTO `user_albums` (`user_id`, `album_id`) VALUES (1,22);
INSERT INTO `user_albums` (`user_id`, `album_id`) VALUES (1,30);
INSERT INTO `user_albums` (`user_id`, `album_id`) VALUES (1,51);
INSERT INTO `user_albums` (`user_id`, `album_id`) VALUES (1,67);
INSERT INTO `user_albums` (`user_id`, `album_id`) VALUES (1,97);
INSERT INTO `user_albums` (`user_id`, `album_id`) VALUES (1,98);
INSERT INTO `user_albums` (`user_id`, `album_id`) VALUES (1,4);
INSERT INTO `user_albums` (`user_id`, `album_id`) VALUES (1,9);
INSERT INTO `user_albums` (`user_id`, `album_id`) VALUES (1,45);
INSERT INTO `user_albums` (`user_id`, `album_id`) VALUES (1,96);
INSERT INTO `user_albums` (`user_id`, `album_id`) VALUES (1,25);
INSERT INTO `user_albums` (`user_id`, `album_id`) VALUES (1,77);
INSERT INTO `user_albums` (`user_id`, `album_id`) VALUES (1,80);
INSERT INTO `user_albums` (`user_id`, `album_id`) VALUES (1,83);
INSERT INTO `user_albums` (`user_id`, `album_id`) VALUES (1,86);
INSERT INTO `user_albums` (`user_id`, `album_id`) VALUES (1,102);
INSERT INTO `user_albums` (`user_id`, `album_id`) VALUES (1,31);
INSERT INTO `user_albums` (`user_id`, `album_id`) VALUES (1,43);
INSERT INTO `user_albums` (`user_id`, `album_id`) VALUES (1,47);
INSERT INTO `user_albums` (`user_id`, `album_id`) VALUES (1,62);
INSERT INTO `user_albums` (`user_id`, `album_id`) VALUES (1,88);
INSERT INTO `user_albums` (`user_id`, `album_id`) VALUES (1,6);
INSERT INTO `user_albums` (`user_id`, `album_id`) VALUES (1,11);
INSERT INTO `user_albums` (`user_id`, `album_id`) VALUES (1,27);
INSERT INTO `user_albums` (`user_id`, `album_id`) VALUES (1,37);
INSERT INTO `user_albums` (`user_id`, `album_id`) VALUES (1,14);
INSERT INTO `user_albums` (`user_id`, `album_id`) VALUES (1,35);
INSERT INTO `user_albums` (`user_id`, `album_id`) VALUES (1,55);
INSERT INTO `user_albums` (`user_id`, `album_id`) VALUES (1,66);
INSERT INTO `user_albums` (`user_id`, `album_id`) VALUES (1,81);
INSERT INTO `user_albums` (`user_id`, `album_id`) VALUES (1,89);
INSERT INTO `user_albums` (`user_id`, `album_id`) VALUES (1,2);
INSERT INTO `user_albums` (`user_id`, `album_id`) VALUES (1,8);
INSERT INTO `user_albums` (`user_id`, `album_id`) VALUES (1,46);
INSERT INTO `user_albums` (`user_id`, `album_id`) VALUES (1,60);
INSERT INTO `user_albums` (`user_id`, `album_id`) VALUES (1,76);
INSERT INTO `user_albums` (`user_id`, `album_id`) VALUES (1,104);
INSERT INTO `user_albums` (`user_id`, `album_id`) VALUES (1,52);
INSERT INTO `user_albums` (`user_id`, `album_id`) VALUES (1,59);
INSERT INTO `user_albums` (`user_id`, `album_id`) VALUES (1,71);
INSERT INTO `user_albums` (`user_id`, `album_id`) VALUES (1,93);
INSERT INTO `user_albums` (`user_id`, `album_id`) VALUES (1,38);
INSERT INTO `user_albums` (`user_id`, `album_id`) VALUES (1,49);
INSERT INTO `user_albums` (`user_id`, `album_id`) VALUES (1,82);
INSERT INTO `user_albums` (`user_id`, `album_id`) VALUES (1,84);
INSERT INTO `user_albums` (`user_id`, `album_id`) VALUES (1,91);
INSERT INTO `user_albums` (`user_id`, `album_id`) VALUES (1,15);
INSERT INTO `user_albums` (`user_id`, `album_id`) VALUES (1,78);
INSERT INTO `user_albums` (`user_id`, `album_id`) VALUES (1,87);
INSERT INTO `user_albums` (`user_id`, `album_id`) VALUES (1,90);
INSERT INTO `user_albums` (`user_id`, `album_id`) VALUES (1,92);
INSERT INTO `user_albums` (`user_id`, `album_id`) VALUES (1,109);
INSERT INTO `user_albums` (`user_id`, `album_id`) VALUES (1,112);
INSERT INTO `user_albums` (`user_id`, `album_id`) VALUES (1,5);
INSERT INTO `user_albums` (`user_id`, `album_id`) VALUES (1,94);
INSERT INTO `user_albums` (`user_id`, `album_id`) VALUES (1,42);
INSERT INTO `user_albums` (`user_id`, `album_id`) VALUES (1,48);
INSERT INTO `user_albums` (`user_id`, `album_id`) VALUES (1,72);
INSERT INTO `user_albums` (`user_id`, `album_id`) VALUES (1,13);
INSERT INTO `user_albums` (`user_id`, `album_id`) VALUES (1,24);
INSERT INTO `user_albums` (`user_id`, `album_id`) VALUES (1,64);
INSERT INTO `user_albums` (`user_id`, `album_id`) VALUES (1,99);
INSERT INTO `user_albums` (`user_id`, `album_id`) VALUES (1,107);
INSERT INTO `user_albums` (`user_id`, `album_id`) VALUES (1,68);
INSERT INTO `user_albums` (`user_id`, `album_id`) VALUES (1,110);
INSERT INTO `user_albums` (`user_id`, `album_id`) VALUES (1,113);
INSERT INTO `user_albums` (`user_id`, `album_id`) VALUES (1,18);
INSERT INTO `user_albums` (`user_id`, `album_id`) VALUES (1,108);
INSERT INTO `user_albums` (`user_id`, `album_id`) VALUES (1,111);
/*!40000 ALTER TABLE `user_albums` ENABLE KEYS */;
UNLOCK TABLES;

--
-- Dumping data for table `user_ratings`
--

LOCK TABLES `user_ratings` WRITE;
/*!40000 ALTER TABLE `user_ratings` DISABLE KEYS */;
/*!40000 ALTER TABLE `user_ratings` ENABLE KEYS */;
UNLOCK TABLES;

--
-- Dumping data for table `users`
--

LOCK TABLES `users` WRITE;
/*!40000 ALTER TABLE `users` DISABLE KEYS */;
INSERT INTO `users` (`user_id`, `first`, `last`, `email`, `username`, `password`, `privs`, `joined`, `last_access`, `songs_played`) VALUES (1,'First','User','user2@nowhere.com','user1','$2y$10$WFqGADvTdfq3PJrh/Ni2/u2wetPaW0oRWMk5Y96KWJPgpw.fkKWuK',NULL,'2016-08-14 23:27:04',NULL,NULL);
INSERT INTO `users` (`user_id`, `first`, `last`, `email`, `username`, `password`, `privs`, `joined`, `last_access`, `songs_played`) VALUES (2,'Second','User','nobody@nowhere.net','user2','$2y$10$gUYHboAyulbLEz07yX0pgeonyxuzREaca0vF2bOGhLCM/Q7S3FN8a',NULL,'2016-08-14 23:26:52',NULL,NULL);
/*!40000 ALTER TABLE `users` ENABLE KEYS */;
UNLOCK TABLES;
/*!40103 SET TIME_ZONE=@OLD_TIME_ZONE */;

/*!40101 SET SQL_MODE=@OLD_SQL_MODE */;
/*!40014 SET FOREIGN_KEY_CHECKS=@OLD_FOREIGN_KEY_CHECKS */;
/*!40014 SET UNIQUE_CHECKS=@OLD_UNIQUE_CHECKS */;
/*!40101 SET CHARACTER_SET_CLIENT=@OLD_CHARACTER_SET_CLIENT */;
/*!40101 SET CHARACTER_SET_RESULTS=@OLD_CHARACTER_SET_RESULTS */;
/*!40101 SET COLLATION_CONNECTION=@OLD_COLLATION_CONNECTION */;
/*!40111 SET SQL_NOTES=@OLD_SQL_NOTES */;

-- Dump completed on 2016-08-15  1:15:26
